ISO-10303-21;
HEADER;
/* Generated by software containing ST-Developer
 * from STEP Tools, Inc. (www.steptools.com) 
 */
/* OPTION: strings as raw bytes, not using required /X/ escapes */

FILE_DESCRIPTION(
/* description */ ('Unknown'),
/* implementation_level */ '2;1');

FILE_NAME(
/* name */ 'SLP2510P8',
/* time_stamp */ '2023-10-10T11:30:49+02:00',
/* author */ ('Unknown'),
/* organization */ ('Unknown'),
/* preprocessor_version */ 'ST-DEVELOPER v18.102',
/* originating_system */ 'Solid Edge',
/* authorisation */ 'Unknown');

FILE_SCHEMA (('AUTOMOTIVE_DESIGN {1 0 10303 214 3 1 1}'));
ENDSEC;

DATA;
#10=PROPERTY_DEFINITION_REPRESENTATION(#14,#12);
#11=PROPERTY_DEFINITION_REPRESENTATION(#15,#13);
#12=REPRESENTATION('',(#16),#3346);
#13=REPRESENTATION('',(#17),#3346);
#14=PROPERTY_DEFINITION('pmi validation property','',#3351);
#15=PROPERTY_DEFINITION('pmi validation property','',#3351);
#16=VALUE_REPRESENTATION_ITEM('number of annotations',COUNT_MEASURE(0.));
#17=VALUE_REPRESENTATION_ITEM('number of views',COUNT_MEASURE(0.));
#18=SHAPE_REPRESENTATION_RELATIONSHIP('','',#2294,#19);
#19=ADVANCED_BREP_SHAPE_REPRESENTATION('',(#2292),#3346);
#20=CYLINDRICAL_SURFACE('',#2394,0.081399426033124);
#21=CYLINDRICAL_SURFACE('',#2395,0.081399426033124);
#22=CYLINDRICAL_SURFACE('',#2396,0.081399426033124);
#23=CYLINDRICAL_SURFACE('',#2397,0.081399426033124);
#24=CYLINDRICAL_SURFACE('',#2398,0.081399426033124);
#25=CYLINDRICAL_SURFACE('',#2399,0.081399426033124);
#26=CYLINDRICAL_SURFACE('',#2400,0.081399426033124);
#27=CYLINDRICAL_SURFACE('',#2401,0.081399426033124);
#28=CYLINDRICAL_SURFACE('',#2402,0.081399426033124);
#29=CYLINDRICAL_SURFACE('',#2403,0.081399426033124);
#30=CYLINDRICAL_SURFACE('',#2404,0.0773294547314678);
#31=CYLINDRICAL_SURFACE('',#2405,0.0773294547314678);
#32=CYLINDRICAL_SURFACE('',#2406,0.0773294547314678);
#33=CYLINDRICAL_SURFACE('',#2407,0.0773294547314678);
#34=CYLINDRICAL_SURFACE('',#2408,0.125);
#35=CYLINDRICAL_SURFACE('',#2409,0.0841735756502077);
#36=CIRCLE('',#2299,0.125);
#37=CIRCLE('',#2300,0.081399426033124);
#38=CIRCLE('',#2301,0.081399426033124);
#39=CIRCLE('',#2302,0.081399426033124);
#40=CIRCLE('',#2303,0.081399426033124);
#41=CIRCLE('',#2304,0.081399426033124);
#42=CIRCLE('',#2305,0.081399426033124);
#43=CIRCLE('',#2306,0.081399426033124);
#44=CIRCLE('',#2307,0.081399426033124);
#45=CIRCLE('',#2308,0.0773294547314678);
#46=CIRCLE('',#2309,0.0773294547314678);
#47=CIRCLE('',#2310,0.0773294547314678);
#48=CIRCLE('',#2311,0.0773294547314678);
#49=CIRCLE('',#2312,0.081399426033124);
#50=CIRCLE('',#2313,0.081399426033124);
#51=CIRCLE('',#2320,0.081399426033124);
#52=CIRCLE('',#2321,0.081399426033124);
#53=CIRCLE('',#2334,0.081399426033124);
#54=CIRCLE('',#2335,0.081399426033124);
#55=CIRCLE('',#2342,0.081399426033124);
#56=CIRCLE('',#2343,0.081399426033124);
#57=CIRCLE('',#2355,0.125);
#58=CIRCLE('',#2362,0.081399426033124);
#59=CIRCLE('',#2363,0.081399426033124);
#60=CIRCLE('',#2370,0.081399426033124);
#61=CIRCLE('',#2371,0.081399426033124);
#62=CIRCLE('',#2377,0.0841735756502077);
#63=CIRCLE('',#2384,0.0773294547314678);
#64=CIRCLE('',#2385,0.0773294547314678);
#65=CIRCLE('',#2392,0.0773294547314678);
#66=CIRCLE('',#2393,0.0773294547314678);
#67=CIRCLE('',#2410,0.0841735756502077);
#68=ORIENTED_EDGE('',*,*,#552,.T.);
#69=ORIENTED_EDGE('',*,*,#553,.T.);
#70=ORIENTED_EDGE('',*,*,#554,.F.);
#71=ORIENTED_EDGE('',*,*,#555,.F.);
#72=ORIENTED_EDGE('',*,*,#556,.F.);
#73=ORIENTED_EDGE('',*,*,#557,.T.);
#74=ORIENTED_EDGE('',*,*,#558,.T.);
#75=ORIENTED_EDGE('',*,*,#559,.T.);
#76=ORIENTED_EDGE('',*,*,#554,.T.);
#77=ORIENTED_EDGE('',*,*,#560,.T.);
#78=ORIENTED_EDGE('',*,*,#556,.T.);
#79=ORIENTED_EDGE('',*,*,#561,.T.);
#80=ORIENTED_EDGE('',*,*,#562,.F.);
#81=ORIENTED_EDGE('',*,*,#563,.T.);
#82=ORIENTED_EDGE('',*,*,#564,.T.);
#83=ORIENTED_EDGE('',*,*,#565,.T.);
#84=ORIENTED_EDGE('',*,*,#566,.T.);
#85=ORIENTED_EDGE('',*,*,#567,.T.);
#86=ORIENTED_EDGE('',*,*,#568,.F.);
#87=ORIENTED_EDGE('',*,*,#569,.T.);
#88=ORIENTED_EDGE('',*,*,#570,.T.);
#89=ORIENTED_EDGE('',*,*,#571,.T.);
#90=ORIENTED_EDGE('',*,*,#572,.F.);
#91=ORIENTED_EDGE('',*,*,#573,.F.);
#92=ORIENTED_EDGE('',*,*,#574,.F.);
#93=ORIENTED_EDGE('',*,*,#575,.F.);
#94=ORIENTED_EDGE('',*,*,#576,.T.);
#95=ORIENTED_EDGE('',*,*,#577,.F.);
#96=ORIENTED_EDGE('',*,*,#578,.T.);
#97=ORIENTED_EDGE('',*,*,#579,.F.);
#98=ORIENTED_EDGE('',*,*,#580,.F.);
#99=ORIENTED_EDGE('',*,*,#581,.F.);
#100=ORIENTED_EDGE('',*,*,#582,.T.);
#101=ORIENTED_EDGE('',*,*,#583,.F.);
#102=ORIENTED_EDGE('',*,*,#584,.T.);
#103=ORIENTED_EDGE('',*,*,#585,.F.);
#104=ORIENTED_EDGE('',*,*,#586,.F.);
#105=ORIENTED_EDGE('',*,*,#587,.F.);
#106=ORIENTED_EDGE('',*,*,#588,.F.);
#107=ORIENTED_EDGE('',*,*,#589,.F.);
#108=ORIENTED_EDGE('',*,*,#590,.F.);
#109=ORIENTED_EDGE('',*,*,#591,.F.);
#110=ORIENTED_EDGE('',*,*,#592,.T.);
#111=ORIENTED_EDGE('',*,*,#593,.F.);
#112=ORIENTED_EDGE('',*,*,#594,.T.);
#113=ORIENTED_EDGE('',*,*,#595,.F.);
#114=ORIENTED_EDGE('',*,*,#596,.F.);
#115=ORIENTED_EDGE('',*,*,#597,.F.);
#116=ORIENTED_EDGE('',*,*,#598,.T.);
#117=ORIENTED_EDGE('',*,*,#599,.F.);
#118=ORIENTED_EDGE('',*,*,#600,.T.);
#119=ORIENTED_EDGE('',*,*,#601,.F.);
#120=ORIENTED_EDGE('',*,*,#602,.F.);
#121=ORIENTED_EDGE('',*,*,#603,.F.);
#122=ORIENTED_EDGE('',*,*,#604,.F.);
#123=ORIENTED_EDGE('',*,*,#605,.T.);
#124=ORIENTED_EDGE('',*,*,#606,.T.);
#125=ORIENTED_EDGE('',*,*,#607,.T.);
#126=ORIENTED_EDGE('',*,*,#608,.T.);
#127=ORIENTED_EDGE('',*,*,#609,.T.);
#128=ORIENTED_EDGE('',*,*,#610,.F.);
#129=ORIENTED_EDGE('',*,*,#611,.T.);
#130=ORIENTED_EDGE('',*,*,#612,.T.);
#131=ORIENTED_EDGE('',*,*,#613,.T.);
#132=ORIENTED_EDGE('',*,*,#614,.T.);
#133=ORIENTED_EDGE('',*,*,#615,.T.);
#134=ORIENTED_EDGE('',*,*,#616,.F.);
#135=ORIENTED_EDGE('',*,*,#617,.T.);
#136=ORIENTED_EDGE('',*,*,#618,.F.);
#137=ORIENTED_EDGE('',*,*,#619,.T.);
#138=ORIENTED_EDGE('',*,*,#620,.F.);
#139=ORIENTED_EDGE('',*,*,#621,.F.);
#140=ORIENTED_EDGE('',*,*,#579,.T.);
#141=ORIENTED_EDGE('',*,*,#622,.T.);
#142=ORIENTED_EDGE('',*,*,#623,.F.);
#143=ORIENTED_EDGE('',*,*,#624,.T.);
#144=ORIENTED_EDGE('',*,*,#620,.T.);
#145=ORIENTED_EDGE('',*,*,#625,.T.);
#146=ORIENTED_EDGE('',*,*,#626,.F.);
#147=ORIENTED_EDGE('',*,*,#627,.T.);
#148=ORIENTED_EDGE('',*,*,#577,.T.);
#149=ORIENTED_EDGE('',*,*,#628,.T.);
#150=ORIENTED_EDGE('',*,*,#629,.F.);
#151=ORIENTED_EDGE('',*,*,#630,.T.);
#152=ORIENTED_EDGE('',*,*,#575,.T.);
#153=ORIENTED_EDGE('',*,*,#631,.T.);
#154=ORIENTED_EDGE('',*,*,#618,.T.);
#155=ORIENTED_EDGE('',*,*,#632,.F.);
#156=ORIENTED_EDGE('',*,*,#621,.T.);
#157=ORIENTED_EDGE('',*,*,#624,.F.);
#158=ORIENTED_EDGE('',*,*,#633,.F.);
#159=ORIENTED_EDGE('',*,*,#632,.T.);
#160=ORIENTED_EDGE('',*,*,#623,.T.);
#161=ORIENTED_EDGE('',*,*,#634,.T.);
#162=ORIENTED_EDGE('',*,*,#626,.T.);
#163=ORIENTED_EDGE('',*,*,#635,.T.);
#164=ORIENTED_EDGE('',*,*,#629,.T.);
#165=ORIENTED_EDGE('',*,*,#633,.T.);
#166=ORIENTED_EDGE('',*,*,#570,.F.);
#167=ORIENTED_EDGE('',*,*,#636,.F.);
#168=ORIENTED_EDGE('',*,*,#637,.T.);
#169=ORIENTED_EDGE('',*,*,#638,.T.);
#170=ORIENTED_EDGE('',*,*,#639,.T.);
#171=ORIENTED_EDGE('',*,*,#636,.T.);
#172=ORIENTED_EDGE('',*,*,#569,.F.);
#173=ORIENTED_EDGE('',*,*,#640,.F.);
#174=ORIENTED_EDGE('',*,*,#641,.F.);
#175=ORIENTED_EDGE('',*,*,#642,.F.);
#176=ORIENTED_EDGE('',*,*,#571,.F.);
#177=ORIENTED_EDGE('',*,*,#638,.F.);
#178=ORIENTED_EDGE('',*,*,#643,.T.);
#179=ORIENTED_EDGE('',*,*,#644,.T.);
#180=ORIENTED_EDGE('',*,*,#645,.F.);
#181=ORIENTED_EDGE('',*,*,#646,.F.);
#182=ORIENTED_EDGE('',*,*,#647,.F.);
#183=ORIENTED_EDGE('',*,*,#645,.T.);
#184=ORIENTED_EDGE('',*,*,#648,.T.);
#185=ORIENTED_EDGE('',*,*,#641,.T.);
#186=ORIENTED_EDGE('',*,*,#648,.F.);
#187=ORIENTED_EDGE('',*,*,#644,.F.);
#188=ORIENTED_EDGE('',*,*,#649,.T.);
#189=ORIENTED_EDGE('',*,*,#642,.T.);
#190=ORIENTED_EDGE('',*,*,#637,.F.);
#191=ORIENTED_EDGE('',*,*,#639,.F.);
#192=ORIENTED_EDGE('',*,*,#649,.F.);
#193=ORIENTED_EDGE('',*,*,#643,.F.);
#194=ORIENTED_EDGE('',*,*,#650,.F.);
#195=ORIENTED_EDGE('',*,*,#651,.T.);
#196=ORIENTED_EDGE('',*,*,#652,.F.);
#197=ORIENTED_EDGE('',*,*,#653,.F.);
#198=ORIENTED_EDGE('',*,*,#585,.T.);
#199=ORIENTED_EDGE('',*,*,#654,.T.);
#200=ORIENTED_EDGE('',*,*,#655,.F.);
#201=ORIENTED_EDGE('',*,*,#656,.T.);
#202=ORIENTED_EDGE('',*,*,#652,.T.);
#203=ORIENTED_EDGE('',*,*,#657,.T.);
#204=ORIENTED_EDGE('',*,*,#658,.F.);
#205=ORIENTED_EDGE('',*,*,#659,.T.);
#206=ORIENTED_EDGE('',*,*,#583,.T.);
#207=ORIENTED_EDGE('',*,*,#660,.T.);
#208=ORIENTED_EDGE('',*,*,#661,.F.);
#209=ORIENTED_EDGE('',*,*,#662,.T.);
#210=ORIENTED_EDGE('',*,*,#581,.T.);
#211=ORIENTED_EDGE('',*,*,#663,.T.);
#212=ORIENTED_EDGE('',*,*,#650,.T.);
#213=ORIENTED_EDGE('',*,*,#664,.F.);
#214=ORIENTED_EDGE('',*,*,#653,.T.);
#215=ORIENTED_EDGE('',*,*,#656,.F.);
#216=ORIENTED_EDGE('',*,*,#665,.F.);
#217=ORIENTED_EDGE('',*,*,#664,.T.);
#218=ORIENTED_EDGE('',*,*,#655,.T.);
#219=ORIENTED_EDGE('',*,*,#666,.T.);
#220=ORIENTED_EDGE('',*,*,#658,.T.);
#221=ORIENTED_EDGE('',*,*,#667,.T.);
#222=ORIENTED_EDGE('',*,*,#661,.T.);
#223=ORIENTED_EDGE('',*,*,#665,.T.);
#224=ORIENTED_EDGE('',*,*,#565,.F.);
#225=ORIENTED_EDGE('',*,*,#668,.T.);
#226=ORIENTED_EDGE('',*,*,#669,.T.);
#227=ORIENTED_EDGE('',*,*,#670,.T.);
#228=ORIENTED_EDGE('',*,*,#671,.T.);
#229=ORIENTED_EDGE('',*,*,#672,.T.);
#230=ORIENTED_EDGE('',*,*,#563,.F.);
#231=ORIENTED_EDGE('',*,*,#673,.F.);
#232=ORIENTED_EDGE('',*,*,#674,.F.);
#233=ORIENTED_EDGE('',*,*,#675,.F.);
#234=ORIENTED_EDGE('',*,*,#567,.F.);
#235=ORIENTED_EDGE('',*,*,#676,.T.);
#236=ORIENTED_EDGE('',*,*,#677,.T.);
#237=ORIENTED_EDGE('',*,*,#678,.T.);
#238=ORIENTED_EDGE('',*,*,#679,.F.);
#239=ORIENTED_EDGE('',*,*,#680,.F.);
#240=ORIENTED_EDGE('',*,*,#681,.F.);
#241=ORIENTED_EDGE('',*,*,#679,.T.);
#242=ORIENTED_EDGE('',*,*,#682,.T.);
#243=ORIENTED_EDGE('',*,*,#674,.T.);
#244=ORIENTED_EDGE('',*,*,#682,.F.);
#245=ORIENTED_EDGE('',*,*,#678,.F.);
#246=ORIENTED_EDGE('',*,*,#683,.T.);
#247=ORIENTED_EDGE('',*,*,#675,.T.);
#248=ORIENTED_EDGE('',*,*,#669,.F.);
#249=ORIENTED_EDGE('',*,*,#684,.T.);
#250=ORIENTED_EDGE('',*,*,#671,.F.);
#251=ORIENTED_EDGE('',*,*,#683,.F.);
#252=ORIENTED_EDGE('',*,*,#677,.F.);
#253=ORIENTED_EDGE('',*,*,#685,.T.);
#254=ORIENTED_EDGE('',*,*,#686,.F.);
#255=ORIENTED_EDGE('',*,*,#687,.T.);
#256=ORIENTED_EDGE('',*,*,#688,.F.);
#257=ORIENTED_EDGE('',*,*,#689,.F.);
#258=ORIENTED_EDGE('',*,*,#688,.T.);
#259=ORIENTED_EDGE('',*,*,#690,.T.);
#260=ORIENTED_EDGE('',*,*,#589,.T.);
#261=ORIENTED_EDGE('',*,*,#691,.F.);
#262=ORIENTED_EDGE('',*,*,#692,.F.);
#263=ORIENTED_EDGE('',*,*,#693,.T.);
#264=ORIENTED_EDGE('',*,*,#691,.T.);
#265=ORIENTED_EDGE('',*,*,#588,.T.);
#266=ORIENTED_EDGE('',*,*,#694,.F.);
#267=ORIENTED_EDGE('',*,*,#695,.F.);
#268=ORIENTED_EDGE('',*,*,#587,.T.);
#269=ORIENTED_EDGE('',*,*,#696,.T.);
#270=ORIENTED_EDGE('',*,*,#686,.T.);
#271=ORIENTED_EDGE('',*,*,#697,.F.);
#272=ORIENTED_EDGE('',*,*,#698,.F.);
#273=ORIENTED_EDGE('',*,*,#694,.T.);
#274=ORIENTED_EDGE('',*,*,#689,.T.);
#275=ORIENTED_EDGE('',*,*,#693,.F.);
#276=ORIENTED_EDGE('',*,*,#699,.F.);
#277=ORIENTED_EDGE('',*,*,#697,.T.);
#278=ORIENTED_EDGE('',*,*,#692,.T.);
#279=ORIENTED_EDGE('',*,*,#695,.T.);
#280=ORIENTED_EDGE('',*,*,#698,.T.);
#281=ORIENTED_EDGE('',*,*,#699,.T.);
#282=ORIENTED_EDGE('',*,*,#617,.F.);
#283=ORIENTED_EDGE('',*,*,#700,.F.);
#284=ORIENTED_EDGE('',*,*,#701,.F.);
#285=ORIENTED_EDGE('',*,*,#702,.F.);
#286=ORIENTED_EDGE('',*,*,#703,.T.);
#287=ORIENTED_EDGE('',*,*,#555,.T.);
#288=ORIENTED_EDGE('',*,*,#561,.F.);
#289=ORIENTED_EDGE('',*,*,#559,.F.);
#290=ORIENTED_EDGE('',*,*,#704,.T.);
#291=ORIENTED_EDGE('',*,*,#705,.T.);
#292=ORIENTED_EDGE('',*,*,#706,.F.);
#293=ORIENTED_EDGE('',*,*,#707,.F.);
#294=ORIENTED_EDGE('',*,*,#708,.F.);
#295=ORIENTED_EDGE('',*,*,#706,.T.);
#296=ORIENTED_EDGE('',*,*,#709,.T.);
#297=ORIENTED_EDGE('',*,*,#701,.T.);
#298=ORIENTED_EDGE('',*,*,#709,.F.);
#299=ORIENTED_EDGE('',*,*,#705,.F.);
#300=ORIENTED_EDGE('',*,*,#710,.T.);
#301=ORIENTED_EDGE('',*,*,#702,.T.);
#302=ORIENTED_EDGE('',*,*,#558,.F.);
#303=ORIENTED_EDGE('',*,*,#711,.F.);
#304=ORIENTED_EDGE('',*,*,#552,.F.);
#305=ORIENTED_EDGE('',*,*,#703,.F.);
#306=ORIENTED_EDGE('',*,*,#710,.F.);
#307=ORIENTED_EDGE('',*,*,#704,.F.);
#308=ORIENTED_EDGE('',*,*,#712,.F.);
#309=ORIENTED_EDGE('',*,*,#713,.T.);
#310=ORIENTED_EDGE('',*,*,#714,.F.);
#311=ORIENTED_EDGE('',*,*,#715,.F.);
#312=ORIENTED_EDGE('',*,*,#595,.T.);
#313=ORIENTED_EDGE('',*,*,#716,.T.);
#314=ORIENTED_EDGE('',*,*,#717,.F.);
#315=ORIENTED_EDGE('',*,*,#718,.T.);
#316=ORIENTED_EDGE('',*,*,#714,.T.);
#317=ORIENTED_EDGE('',*,*,#719,.T.);
#318=ORIENTED_EDGE('',*,*,#593,.T.);
#319=ORIENTED_EDGE('',*,*,#720,.T.);
#320=ORIENTED_EDGE('',*,*,#721,.F.);
#321=ORIENTED_EDGE('',*,*,#722,.T.);
#322=ORIENTED_EDGE('',*,*,#723,.F.);
#323=ORIENTED_EDGE('',*,*,#724,.T.);
#324=ORIENTED_EDGE('',*,*,#591,.T.);
#325=ORIENTED_EDGE('',*,*,#725,.T.);
#326=ORIENTED_EDGE('',*,*,#712,.T.);
#327=ORIENTED_EDGE('',*,*,#726,.F.);
#328=ORIENTED_EDGE('',*,*,#715,.T.);
#329=ORIENTED_EDGE('',*,*,#718,.F.);
#330=ORIENTED_EDGE('',*,*,#727,.F.);
#331=ORIENTED_EDGE('',*,*,#726,.T.);
#332=ORIENTED_EDGE('',*,*,#721,.T.);
#333=ORIENTED_EDGE('',*,*,#728,.T.);
#334=ORIENTED_EDGE('',*,*,#723,.T.);
#335=ORIENTED_EDGE('',*,*,#727,.T.);
#336=ORIENTED_EDGE('',*,*,#717,.T.);
#337=ORIENTED_EDGE('',*,*,#729,.T.);
#338=ORIENTED_EDGE('',*,*,#730,.T.);
#339=ORIENTED_EDGE('',*,*,#731,.T.);
#340=ORIENTED_EDGE('',*,*,#613,.F.);
#341=ORIENTED_EDGE('',*,*,#732,.T.);
#342=ORIENTED_EDGE('',*,*,#733,.T.);
#343=ORIENTED_EDGE('',*,*,#734,.T.);
#344=ORIENTED_EDGE('',*,*,#611,.F.);
#345=ORIENTED_EDGE('',*,*,#735,.F.);
#346=ORIENTED_EDGE('',*,*,#736,.F.);
#347=ORIENTED_EDGE('',*,*,#737,.F.);
#348=ORIENTED_EDGE('',*,*,#615,.F.);
#349=ORIENTED_EDGE('',*,*,#738,.T.);
#350=ORIENTED_EDGE('',*,*,#739,.T.);
#351=ORIENTED_EDGE('',*,*,#740,.T.);
#352=ORIENTED_EDGE('',*,*,#741,.F.);
#353=ORIENTED_EDGE('',*,*,#742,.F.);
#354=ORIENTED_EDGE('',*,*,#743,.F.);
#355=ORIENTED_EDGE('',*,*,#741,.T.);
#356=ORIENTED_EDGE('',*,*,#744,.T.);
#357=ORIENTED_EDGE('',*,*,#736,.T.);
#358=ORIENTED_EDGE('',*,*,#744,.F.);
#359=ORIENTED_EDGE('',*,*,#740,.F.);
#360=ORIENTED_EDGE('',*,*,#745,.T.);
#361=ORIENTED_EDGE('',*,*,#737,.T.);
#362=ORIENTED_EDGE('',*,*,#739,.F.);
#363=ORIENTED_EDGE('',*,*,#746,.T.);
#364=ORIENTED_EDGE('',*,*,#730,.F.);
#365=ORIENTED_EDGE('',*,*,#747,.T.);
#366=ORIENTED_EDGE('',*,*,#733,.F.);
#367=ORIENTED_EDGE('',*,*,#745,.F.);
#368=ORIENTED_EDGE('',*,*,#580,.T.);
#369=ORIENTED_EDGE('',*,*,#625,.F.);
#370=ORIENTED_EDGE('',*,*,#619,.F.);
#371=ORIENTED_EDGE('',*,*,#631,.F.);
#372=ORIENTED_EDGE('',*,*,#574,.T.);
#373=ORIENTED_EDGE('',*,*,#748,.F.);
#374=ORIENTED_EDGE('',*,*,#749,.F.);
#375=ORIENTED_EDGE('',*,*,#750,.T.);
#376=ORIENTED_EDGE('',*,*,#602,.T.);
#377=ORIENTED_EDGE('',*,*,#751,.F.);
#378=ORIENTED_EDGE('',*,*,#752,.F.);
#379=ORIENTED_EDGE('',*,*,#753,.F.);
#380=ORIENTED_EDGE('',*,*,#596,.T.);
#381=ORIENTED_EDGE('',*,*,#719,.F.);
#382=ORIENTED_EDGE('',*,*,#713,.F.);
#383=ORIENTED_EDGE('',*,*,#725,.F.);
#384=ORIENTED_EDGE('',*,*,#590,.T.);
#385=ORIENTED_EDGE('',*,*,#690,.F.);
#386=ORIENTED_EDGE('',*,*,#687,.F.);
#387=ORIENTED_EDGE('',*,*,#696,.F.);
#388=ORIENTED_EDGE('',*,*,#586,.T.);
#389=ORIENTED_EDGE('',*,*,#657,.F.);
#390=ORIENTED_EDGE('',*,*,#651,.F.);
#391=ORIENTED_EDGE('',*,*,#663,.F.);
#392=ORIENTED_EDGE('',*,*,#573,.T.);
#393=ORIENTED_EDGE('',*,*,#754,.F.);
#394=ORIENTED_EDGE('',*,*,#755,.F.);
#395=ORIENTED_EDGE('',*,*,#748,.T.);
#396=ORIENTED_EDGE('',*,*,#572,.T.);
#397=ORIENTED_EDGE('',*,*,#646,.T.);
#398=ORIENTED_EDGE('',*,*,#647,.T.);
#399=ORIENTED_EDGE('',*,*,#640,.T.);
#400=ORIENTED_EDGE('',*,*,#568,.T.);
#401=ORIENTED_EDGE('',*,*,#680,.T.);
#402=ORIENTED_EDGE('',*,*,#681,.T.);
#403=ORIENTED_EDGE('',*,*,#673,.T.);
#404=ORIENTED_EDGE('',*,*,#562,.T.);
#405=ORIENTED_EDGE('',*,*,#707,.T.);
#406=ORIENTED_EDGE('',*,*,#708,.T.);
#407=ORIENTED_EDGE('',*,*,#700,.T.);
#408=ORIENTED_EDGE('',*,*,#616,.T.);
#409=ORIENTED_EDGE('',*,*,#742,.T.);
#410=ORIENTED_EDGE('',*,*,#743,.T.);
#411=ORIENTED_EDGE('',*,*,#735,.T.);
#412=ORIENTED_EDGE('',*,*,#610,.T.);
#413=ORIENTED_EDGE('',*,*,#756,.T.);
#414=ORIENTED_EDGE('',*,*,#757,.T.);
#415=ORIENTED_EDGE('',*,*,#758,.T.);
#416=ORIENTED_EDGE('',*,*,#604,.T.);
#417=ORIENTED_EDGE('',*,*,#759,.F.);
#418=ORIENTED_EDGE('',*,*,#760,.F.);
#419=ORIENTED_EDGE('',*,*,#754,.T.);
#420=ORIENTED_EDGE('',*,*,#603,.T.);
#421=ORIENTED_EDGE('',*,*,#750,.F.);
#422=ORIENTED_EDGE('',*,*,#761,.F.);
#423=ORIENTED_EDGE('',*,*,#759,.T.);
#424=ORIENTED_EDGE('',*,*,#762,.T.);
#425=ORIENTED_EDGE('',*,*,#749,.T.);
#426=ORIENTED_EDGE('',*,*,#755,.T.);
#427=ORIENTED_EDGE('',*,*,#760,.T.);
#428=ORIENTED_EDGE('',*,*,#761,.T.);
#429=ORIENTED_EDGE('',*,*,#763,.F.);
#430=ORIENTED_EDGE('',*,*,#752,.T.);
#431=ORIENTED_EDGE('',*,*,#764,.F.);
#432=ORIENTED_EDGE('',*,*,#765,.F.);
#433=ORIENTED_EDGE('',*,*,#601,.T.);
#434=ORIENTED_EDGE('',*,*,#766,.T.);
#435=ORIENTED_EDGE('',*,*,#767,.F.);
#436=ORIENTED_EDGE('',*,*,#768,.T.);
#437=ORIENTED_EDGE('',*,*,#764,.T.);
#438=ORIENTED_EDGE('',*,*,#751,.T.);
#439=ORIENTED_EDGE('',*,*,#769,.F.);
#440=ORIENTED_EDGE('',*,*,#770,.T.);
#441=ORIENTED_EDGE('',*,*,#599,.T.);
#442=ORIENTED_EDGE('',*,*,#771,.T.);
#443=ORIENTED_EDGE('',*,*,#772,.F.);
#444=ORIENTED_EDGE('',*,*,#773,.T.);
#445=ORIENTED_EDGE('',*,*,#597,.T.);
#446=ORIENTED_EDGE('',*,*,#753,.T.);
#447=ORIENTED_EDGE('',*,*,#763,.T.);
#448=ORIENTED_EDGE('',*,*,#774,.F.);
#449=ORIENTED_EDGE('',*,*,#765,.T.);
#450=ORIENTED_EDGE('',*,*,#768,.F.);
#451=ORIENTED_EDGE('',*,*,#775,.F.);
#452=ORIENTED_EDGE('',*,*,#774,.T.);
#453=ORIENTED_EDGE('',*,*,#767,.T.);
#454=ORIENTED_EDGE('',*,*,#776,.T.);
#455=ORIENTED_EDGE('',*,*,#769,.T.);
#456=ORIENTED_EDGE('',*,*,#777,.T.);
#457=ORIENTED_EDGE('',*,*,#772,.T.);
#458=ORIENTED_EDGE('',*,*,#775,.T.);
#459=ORIENTED_EDGE('',*,*,#778,.T.);
#460=ORIENTED_EDGE('',*,*,#779,.T.);
#461=ORIENTED_EDGE('',*,*,#607,.F.);
#462=ORIENTED_EDGE('',*,*,#780,.T.);
#463=ORIENTED_EDGE('',*,*,#781,.T.);
#464=ORIENTED_EDGE('',*,*,#782,.T.);
#465=ORIENTED_EDGE('',*,*,#605,.F.);
#466=ORIENTED_EDGE('',*,*,#758,.F.);
#467=ORIENTED_EDGE('',*,*,#783,.F.);
#468=ORIENTED_EDGE('',*,*,#784,.F.);
#469=ORIENTED_EDGE('',*,*,#609,.F.);
#470=ORIENTED_EDGE('',*,*,#785,.T.);
#471=ORIENTED_EDGE('',*,*,#786,.T.);
#472=ORIENTED_EDGE('',*,*,#787,.T.);
#473=ORIENTED_EDGE('',*,*,#788,.F.);
#474=ORIENTED_EDGE('',*,*,#756,.F.);
#475=ORIENTED_EDGE('',*,*,#757,.F.);
#476=ORIENTED_EDGE('',*,*,#788,.T.);
#477=ORIENTED_EDGE('',*,*,#789,.T.);
#478=ORIENTED_EDGE('',*,*,#783,.T.);
#479=ORIENTED_EDGE('',*,*,#789,.F.);
#480=ORIENTED_EDGE('',*,*,#787,.F.);
#481=ORIENTED_EDGE('',*,*,#790,.T.);
#482=ORIENTED_EDGE('',*,*,#784,.T.);
#483=ORIENTED_EDGE('',*,*,#786,.F.);
#484=ORIENTED_EDGE('',*,*,#791,.T.);
#485=ORIENTED_EDGE('',*,*,#778,.F.);
#486=ORIENTED_EDGE('',*,*,#792,.T.);
#487=ORIENTED_EDGE('',*,*,#781,.F.);
#488=ORIENTED_EDGE('',*,*,#790,.F.);
#489=ORIENTED_EDGE('',*,*,#729,.F.);
#490=ORIENTED_EDGE('',*,*,#716,.F.);
#491=ORIENTED_EDGE('',*,*,#594,.F.);
#492=ORIENTED_EDGE('',*,*,#722,.F.);
#493=ORIENTED_EDGE('',*,*,#747,.F.);
#494=ORIENTED_EDGE('',*,*,#732,.F.);
#495=ORIENTED_EDGE('',*,*,#612,.F.);
#496=ORIENTED_EDGE('',*,*,#734,.F.);
#497=ORIENTED_EDGE('',*,*,#746,.F.);
#498=ORIENTED_EDGE('',*,*,#738,.F.);
#499=ORIENTED_EDGE('',*,*,#614,.F.);
#500=ORIENTED_EDGE('',*,*,#731,.F.);
#501=ORIENTED_EDGE('',*,*,#685,.F.);
#502=ORIENTED_EDGE('',*,*,#676,.F.);
#503=ORIENTED_EDGE('',*,*,#566,.F.);
#504=ORIENTED_EDGE('',*,*,#670,.F.);
#505=ORIENTED_EDGE('',*,*,#684,.F.);
#506=ORIENTED_EDGE('',*,*,#668,.F.);
#507=ORIENTED_EDGE('',*,*,#564,.F.);
#508=ORIENTED_EDGE('',*,*,#672,.F.);
#509=ORIENTED_EDGE('',*,*,#635,.F.);
#510=ORIENTED_EDGE('',*,*,#628,.F.);
#511=ORIENTED_EDGE('',*,*,#576,.F.);
#512=ORIENTED_EDGE('',*,*,#630,.F.);
#513=ORIENTED_EDGE('',*,*,#634,.F.);
#514=ORIENTED_EDGE('',*,*,#622,.F.);
#515=ORIENTED_EDGE('',*,*,#578,.F.);
#516=ORIENTED_EDGE('',*,*,#627,.F.);
#517=ORIENTED_EDGE('',*,*,#667,.F.);
#518=ORIENTED_EDGE('',*,*,#660,.F.);
#519=ORIENTED_EDGE('',*,*,#582,.F.);
#520=ORIENTED_EDGE('',*,*,#662,.F.);
#521=ORIENTED_EDGE('',*,*,#666,.F.);
#522=ORIENTED_EDGE('',*,*,#654,.F.);
#523=ORIENTED_EDGE('',*,*,#584,.F.);
#524=ORIENTED_EDGE('',*,*,#659,.F.);
#525=ORIENTED_EDGE('',*,*,#728,.F.);
#526=ORIENTED_EDGE('',*,*,#720,.F.);
#527=ORIENTED_EDGE('',*,*,#592,.F.);
#528=ORIENTED_EDGE('',*,*,#724,.F.);
#529=ORIENTED_EDGE('',*,*,#777,.F.);
#530=ORIENTED_EDGE('',*,*,#771,.F.);
#531=ORIENTED_EDGE('',*,*,#598,.F.);
#532=ORIENTED_EDGE('',*,*,#773,.F.);
#533=ORIENTED_EDGE('',*,*,#776,.F.);
#534=ORIENTED_EDGE('',*,*,#766,.F.);
#535=ORIENTED_EDGE('',*,*,#600,.F.);
#536=ORIENTED_EDGE('',*,*,#770,.F.);
#537=ORIENTED_EDGE('',*,*,#792,.F.);
#538=ORIENTED_EDGE('',*,*,#780,.F.);
#539=ORIENTED_EDGE('',*,*,#606,.F.);
#540=ORIENTED_EDGE('',*,*,#782,.F.);
#541=ORIENTED_EDGE('',*,*,#791,.F.);
#542=ORIENTED_EDGE('',*,*,#785,.F.);
#543=ORIENTED_EDGE('',*,*,#608,.F.);
#544=ORIENTED_EDGE('',*,*,#779,.F.);
#545=ORIENTED_EDGE('',*,*,#553,.F.);
#546=ORIENTED_EDGE('',*,*,#711,.T.);
#547=ORIENTED_EDGE('',*,*,#557,.F.);
#548=ORIENTED_EDGE('',*,*,#560,.F.);
#549=ORIENTED_EDGE('',*,*,#793,.T.);
#550=ORIENTED_EDGE('',*,*,#762,.F.);
#551=ORIENTED_EDGE('',*,*,#793,.F.);
#552=EDGE_CURVE('',#794,#795,#956,.T.);
#553=EDGE_CURVE('',#795,#796,#957,.F.);
#554=EDGE_CURVE('',#797,#796,#958,.T.);
#555=EDGE_CURVE('',#794,#797,#959,.T.);
#556=EDGE_CURVE('',#798,#799,#960,.T.);
#557=EDGE_CURVE('',#798,#800,#961,.T.);
#558=EDGE_CURVE('',#800,#801,#962,.T.);
#559=EDGE_CURVE('',#801,#799,#963,.T.);
#560=EDGE_CURVE('',#796,#798,#36,.T.);
#561=EDGE_CURVE('',#799,#802,#964,.T.);
#562=EDGE_CURVE('',#803,#802,#965,.T.);
#563=EDGE_CURVE('',#803,#804,#966,.T.);
#564=EDGE_CURVE('',#804,#805,#37,.T.);
#565=EDGE_CURVE('',#805,#806,#967,.T.);
#566=EDGE_CURVE('',#806,#807,#38,.T.);
#567=EDGE_CURVE('',#807,#808,#968,.T.);
#568=EDGE_CURVE('',#809,#808,#969,.T.);
#569=EDGE_CURVE('',#809,#810,#970,.T.);
#570=EDGE_CURVE('',#810,#811,#971,.T.);
#571=EDGE_CURVE('',#811,#812,#972,.T.);
#572=EDGE_CURVE('',#813,#812,#973,.T.);
#573=EDGE_CURVE('',#814,#813,#974,.T.);
#574=EDGE_CURVE('',#815,#814,#975,.T.);
#575=EDGE_CURVE('',#816,#815,#976,.T.);
#576=EDGE_CURVE('',#816,#817,#39,.T.);
#577=EDGE_CURVE('',#818,#817,#977,.T.);
#578=EDGE_CURVE('',#818,#819,#40,.T.);
#579=EDGE_CURVE('',#820,#819,#978,.T.);
#580=EDGE_CURVE('',#821,#820,#979,.T.);
#581=EDGE_CURVE('',#822,#821,#980,.T.);
#582=EDGE_CURVE('',#822,#823,#41,.T.);
#583=EDGE_CURVE('',#824,#823,#981,.T.);
#584=EDGE_CURVE('',#824,#825,#42,.T.);
#585=EDGE_CURVE('',#826,#825,#982,.T.);
#586=EDGE_CURVE('',#827,#826,#983,.T.);
#587=EDGE_CURVE('',#828,#827,#984,.T.);
#588=EDGE_CURVE('',#829,#828,#985,.T.);
#589=EDGE_CURVE('',#830,#829,#986,.T.);
#590=EDGE_CURVE('',#831,#830,#987,.T.);
#591=EDGE_CURVE('',#832,#831,#988,.T.);
#592=EDGE_CURVE('',#832,#833,#43,.T.);
#593=EDGE_CURVE('',#834,#833,#989,.T.);
#594=EDGE_CURVE('',#834,#835,#44,.T.);
#595=EDGE_CURVE('',#836,#835,#990,.T.);
#596=EDGE_CURVE('',#837,#836,#991,.T.);
#597=EDGE_CURVE('',#838,#837,#992,.T.);
#598=EDGE_CURVE('',#838,#839,#45,.T.);
#599=EDGE_CURVE('',#840,#839,#993,.T.);
#600=EDGE_CURVE('',#840,#841,#46,.T.);
#601=EDGE_CURVE('',#842,#841,#994,.T.);
#602=EDGE_CURVE('',#843,#842,#995,.T.);
#603=EDGE_CURVE('',#844,#843,#996,.T.);
#604=EDGE_CURVE('',#845,#844,#997,.T.);
#605=EDGE_CURVE('',#845,#846,#998,.T.);
#606=EDGE_CURVE('',#846,#847,#47,.T.);
#607=EDGE_CURVE('',#847,#848,#999,.T.);
#608=EDGE_CURVE('',#848,#849,#48,.T.);
#609=EDGE_CURVE('',#849,#850,#1000,.T.);
#610=EDGE_CURVE('',#851,#850,#1001,.T.);
#611=EDGE_CURVE('',#851,#852,#1002,.T.);
#612=EDGE_CURVE('',#852,#853,#49,.T.);
#613=EDGE_CURVE('',#853,#854,#1003,.T.);
#614=EDGE_CURVE('',#854,#855,#50,.T.);
#615=EDGE_CURVE('',#855,#856,#1004,.T.);
#616=EDGE_CURVE('',#857,#856,#1005,.T.);
#617=EDGE_CURVE('',#857,#797,#1006,.T.);
#618=EDGE_CURVE('',#858,#859,#1007,.T.);
#619=EDGE_CURVE('',#858,#860,#1008,.T.);
#620=EDGE_CURVE('',#861,#860,#1009,.T.);
#621=EDGE_CURVE('',#859,#861,#1010,.T.);
#622=EDGE_CURVE('',#819,#862,#1011,.F.);
#623=EDGE_CURVE('',#863,#862,#1012,.T.);
#624=EDGE_CURVE('',#863,#861,#1013,.T.);
#625=EDGE_CURVE('',#860,#820,#1014,.T.);
#626=EDGE_CURVE('',#864,#865,#1015,.T.);
#627=EDGE_CURVE('',#864,#818,#1016,.T.);
#628=EDGE_CURVE('',#817,#865,#1017,.F.);
#629=EDGE_CURVE('',#866,#867,#1018,.T.);
#630=EDGE_CURVE('',#866,#816,#1019,.T.);
#631=EDGE_CURVE('',#815,#858,#1020,.T.);
#632=EDGE_CURVE('',#867,#859,#1021,.T.);
#633=EDGE_CURVE('',#867,#863,#1022,.T.);
#634=EDGE_CURVE('',#862,#864,#51,.T.);
#635=EDGE_CURVE('',#865,#866,#52,.T.);
#636=EDGE_CURVE('',#868,#810,#1023,.T.);
#637=EDGE_CURVE('',#868,#869,#1024,.T.);
#638=EDGE_CURVE('',#869,#811,#1025,.T.);
#639=EDGE_CURVE('',#870,#868,#1026,.T.);
#640=EDGE_CURVE('',#871,#809,#1027,.T.);
#641=EDGE_CURVE('',#872,#871,#1028,.T.);
#642=EDGE_CURVE('',#870,#872,#1029,.T.);
#643=EDGE_CURVE('',#869,#873,#1030,.T.);
#644=EDGE_CURVE('',#873,#874,#1031,.T.);
#645=EDGE_CURVE('',#875,#874,#1032,.T.);
#646=EDGE_CURVE('',#812,#875,#1033,.T.);
#647=EDGE_CURVE('',#875,#871,#1034,.T.);
#648=EDGE_CURVE('',#874,#872,#1035,.T.);
#649=EDGE_CURVE('',#873,#870,#1036,.T.);
#650=EDGE_CURVE('',#876,#877,#1037,.T.);
#651=EDGE_CURVE('',#876,#878,#1038,.T.);
#652=EDGE_CURVE('',#879,#878,#1039,.T.);
#653=EDGE_CURVE('',#877,#879,#1040,.T.);
#654=EDGE_CURVE('',#825,#880,#1041,.F.);
#655=EDGE_CURVE('',#881,#880,#1042,.T.);
#656=EDGE_CURVE('',#881,#879,#1043,.T.);
#657=EDGE_CURVE('',#878,#826,#1044,.T.);
#658=EDGE_CURVE('',#882,#883,#1045,.T.);
#659=EDGE_CURVE('',#882,#824,#1046,.T.);
#660=EDGE_CURVE('',#823,#883,#1047,.F.);
#661=EDGE_CURVE('',#884,#885,#1048,.T.);
#662=EDGE_CURVE('',#884,#822,#1049,.T.);
#663=EDGE_CURVE('',#821,#876,#1050,.T.);
#664=EDGE_CURVE('',#885,#877,#1051,.T.);
#665=EDGE_CURVE('',#885,#881,#1052,.T.);
#666=EDGE_CURVE('',#880,#882,#53,.T.);
#667=EDGE_CURVE('',#883,#884,#54,.T.);
#668=EDGE_CURVE('',#805,#886,#1053,.F.);
#669=EDGE_CURVE('',#886,#887,#1054,.T.);
#670=EDGE_CURVE('',#887,#806,#1055,.T.);
#671=EDGE_CURVE('',#888,#889,#1056,.T.);
#672=EDGE_CURVE('',#889,#804,#1057,.T.);
#673=EDGE_CURVE('',#890,#803,#1058,.T.);
#674=EDGE_CURVE('',#891,#890,#1059,.T.);
#675=EDGE_CURVE('',#888,#891,#1060,.T.);
#676=EDGE_CURVE('',#807,#892,#1061,.F.);
#677=EDGE_CURVE('',#892,#893,#1062,.T.);
#678=EDGE_CURVE('',#893,#894,#1063,.T.);
#679=EDGE_CURVE('',#895,#894,#1064,.T.);
#680=EDGE_CURVE('',#808,#895,#1065,.T.);
#681=EDGE_CURVE('',#895,#890,#1066,.T.);
#682=EDGE_CURVE('',#894,#891,#1067,.T.);
#683=EDGE_CURVE('',#893,#888,#1068,.T.);
#684=EDGE_CURVE('',#886,#889,#55,.F.);
#685=EDGE_CURVE('',#892,#887,#56,.F.);
#686=EDGE_CURVE('',#896,#897,#1069,.T.);
#687=EDGE_CURVE('',#896,#898,#1070,.T.);
#688=EDGE_CURVE('',#899,#898,#1071,.T.);
#689=EDGE_CURVE('',#897,#899,#1072,.T.);
#690=EDGE_CURVE('',#898,#830,#1073,.T.);
#691=EDGE_CURVE('',#900,#829,#1074,.T.);
#692=EDGE_CURVE('',#901,#900,#1075,.T.);
#693=EDGE_CURVE('',#901,#899,#1076,.T.);
#694=EDGE_CURVE('',#902,#828,#1077,.T.);
#695=EDGE_CURVE('',#900,#902,#1078,.T.);
#696=EDGE_CURVE('',#827,#896,#1079,.T.);
#697=EDGE_CURVE('',#903,#897,#1080,.T.);
#698=EDGE_CURVE('',#902,#903,#1081,.T.);
#699=EDGE_CURVE('',#903,#901,#1082,.T.);
#700=EDGE_CURVE('',#904,#857,#1083,.T.);
#701=EDGE_CURVE('',#905,#904,#1084,.T.);
#702=EDGE_CURVE('',#906,#905,#1085,.T.);
#703=EDGE_CURVE('',#906,#794,#1086,.T.);
#704=EDGE_CURVE('',#801,#907,#1087,.T.);
#705=EDGE_CURVE('',#907,#908,#1088,.T.);
#706=EDGE_CURVE('',#909,#908,#1089,.T.);
#707=EDGE_CURVE('',#802,#909,#1090,.T.);
#708=EDGE_CURVE('',#909,#904,#1091,.T.);
#709=EDGE_CURVE('',#908,#905,#1092,.T.);
#710=EDGE_CURVE('',#907,#906,#1093,.T.);
#711=EDGE_CURVE('',#795,#800,#57,.T.);
#712=EDGE_CURVE('',#910,#911,#1094,.T.);
#713=EDGE_CURVE('',#910,#912,#1095,.T.);
#714=EDGE_CURVE('',#913,#912,#1096,.T.);
#715=EDGE_CURVE('',#911,#913,#1097,.T.);
#716=EDGE_CURVE('',#835,#914,#1098,.F.);
#717=EDGE_CURVE('',#915,#914,#1099,.T.);
#718=EDGE_CURVE('',#915,#913,#1100,.T.);
#719=EDGE_CURVE('',#912,#836,#1101,.T.);
#720=EDGE_CURVE('',#833,#916,#1102,.F.);
#721=EDGE_CURVE('',#917,#916,#1103,.T.);
#722=EDGE_CURVE('',#917,#834,#1104,.T.);
#723=EDGE_CURVE('',#918,#919,#1105,.T.);
#724=EDGE_CURVE('',#918,#832,#1106,.T.);
#725=EDGE_CURVE('',#831,#910,#1107,.T.);
#726=EDGE_CURVE('',#919,#911,#1108,.T.);
#727=EDGE_CURVE('',#919,#915,#1109,.T.);
#728=EDGE_CURVE('',#916,#918,#58,.T.);
#729=EDGE_CURVE('',#914,#917,#59,.T.);
#730=EDGE_CURVE('',#920,#921,#1110,.T.);
#731=EDGE_CURVE('',#921,#854,#1111,.T.);
#732=EDGE_CURVE('',#853,#920,#1112,.F.);
#733=EDGE_CURVE('',#922,#923,#1113,.T.);
#734=EDGE_CURVE('',#923,#852,#1114,.T.);
#735=EDGE_CURVE('',#924,#851,#1115,.T.);
#736=EDGE_CURVE('',#925,#924,#1116,.T.);
#737=EDGE_CURVE('',#922,#925,#1117,.T.);
#738=EDGE_CURVE('',#855,#926,#1118,.F.);
#739=EDGE_CURVE('',#926,#927,#1119,.T.);
#740=EDGE_CURVE('',#927,#928,#1120,.T.);
#741=EDGE_CURVE('',#929,#928,#1121,.T.);
#742=EDGE_CURVE('',#856,#929,#1122,.T.);
#743=EDGE_CURVE('',#929,#924,#1123,.T.);
#744=EDGE_CURVE('',#928,#925,#1124,.T.);
#745=EDGE_CURVE('',#927,#922,#1125,.T.);
#746=EDGE_CURVE('',#926,#921,#60,.F.);
#747=EDGE_CURVE('',#920,#923,#61,.F.);
#748=EDGE_CURVE('',#930,#814,#1126,.T.);
#749=EDGE_CURVE('',#931,#930,#1127,.T.);
#750=EDGE_CURVE('',#931,#843,#1128,.T.);
#751=EDGE_CURVE('',#932,#842,#1129,.T.);
#752=EDGE_CURVE('',#933,#932,#1130,.T.);
#753=EDGE_CURVE('',#837,#933,#1131,.T.);
#754=EDGE_CURVE('',#934,#813,#1132,.T.);
#755=EDGE_CURVE('',#930,#934,#1133,.T.);
#756=EDGE_CURVE('',#850,#935,#1134,.T.);
#757=EDGE_CURVE('',#935,#936,#1135,.T.);
#758=EDGE_CURVE('',#936,#845,#1136,.T.);
#759=EDGE_CURVE('',#937,#844,#1137,.T.);
#760=EDGE_CURVE('',#934,#937,#1138,.T.);
#761=EDGE_CURVE('',#937,#931,#1139,.T.);
#762=EDGE_CURVE('',#938,#938,#62,.T.);
#763=EDGE_CURVE('',#933,#939,#1140,.T.);
#764=EDGE_CURVE('',#940,#932,#1141,.T.);
#765=EDGE_CURVE('',#939,#940,#1142,.T.);
#766=EDGE_CURVE('',#841,#941,#1143,.F.);
#767=EDGE_CURVE('',#942,#941,#1144,.T.);
#768=EDGE_CURVE('',#942,#940,#1145,.T.);
#769=EDGE_CURVE('',#943,#944,#1146,.T.);
#770=EDGE_CURVE('',#943,#840,#1147,.T.);
#771=EDGE_CURVE('',#839,#944,#1148,.F.);
#772=EDGE_CURVE('',#945,#946,#1149,.T.);
#773=EDGE_CURVE('',#945,#838,#1150,.T.);
#774=EDGE_CURVE('',#946,#939,#1151,.T.);
#775=EDGE_CURVE('',#946,#942,#1152,.T.);
#776=EDGE_CURVE('',#941,#943,#63,.T.);
#777=EDGE_CURVE('',#944,#945,#64,.T.);
#778=EDGE_CURVE('',#947,#948,#1153,.T.);
#779=EDGE_CURVE('',#948,#848,#1154,.T.);
#780=EDGE_CURVE('',#847,#947,#1155,.F.);
#781=EDGE_CURVE('',#949,#950,#1156,.T.);
#782=EDGE_CURVE('',#950,#846,#1157,.T.);
#783=EDGE_CURVE('',#951,#936,#1158,.T.);
#784=EDGE_CURVE('',#949,#951,#1159,.T.);
#785=EDGE_CURVE('',#849,#952,#1160,.F.);
#786=EDGE_CURVE('',#952,#953,#1161,.T.);
#787=EDGE_CURVE('',#953,#954,#1162,.T.);
#788=EDGE_CURVE('',#935,#954,#1163,.T.);
#789=EDGE_CURVE('',#954,#951,#1164,.T.);
#790=EDGE_CURVE('',#953,#949,#1165,.T.);
#791=EDGE_CURVE('',#952,#948,#65,.F.);
#792=EDGE_CURVE('',#947,#950,#66,.F.);
#793=EDGE_CURVE('',#955,#955,#67,.T.);
#794=VERTEX_POINT('',#2859);
#795=VERTEX_POINT('',#2860);
#796=VERTEX_POINT('',#2862);
#797=VERTEX_POINT('',#2864);
#798=VERTEX_POINT('',#2868);
#799=VERTEX_POINT('',#2869);
#800=VERTEX_POINT('',#2871);
#801=VERTEX_POINT('',#2873);
#802=VERTEX_POINT('',#2878);
#803=VERTEX_POINT('',#2880);
#804=VERTEX_POINT('',#2882);
#805=VERTEX_POINT('',#2884);
#806=VERTEX_POINT('',#2886);
#807=VERTEX_POINT('',#2888);
#808=VERTEX_POINT('',#2890);
#809=VERTEX_POINT('',#2892);
#810=VERTEX_POINT('',#2894);
#811=VERTEX_POINT('',#2896);
#812=VERTEX_POINT('',#2898);
#813=VERTEX_POINT('',#2900);
#814=VERTEX_POINT('',#2902);
#815=VERTEX_POINT('',#2904);
#816=VERTEX_POINT('',#2906);
#817=VERTEX_POINT('',#2908);
#818=VERTEX_POINT('',#2910);
#819=VERTEX_POINT('',#2912);
#820=VERTEX_POINT('',#2914);
#821=VERTEX_POINT('',#2916);
#822=VERTEX_POINT('',#2918);
#823=VERTEX_POINT('',#2920);
#824=VERTEX_POINT('',#2922);
#825=VERTEX_POINT('',#2924);
#826=VERTEX_POINT('',#2926);
#827=VERTEX_POINT('',#2928);
#828=VERTEX_POINT('',#2930);
#829=VERTEX_POINT('',#2932);
#830=VERTEX_POINT('',#2934);
#831=VERTEX_POINT('',#2936);
#832=VERTEX_POINT('',#2938);
#833=VERTEX_POINT('',#2940);
#834=VERTEX_POINT('',#2942);
#835=VERTEX_POINT('',#2944);
#836=VERTEX_POINT('',#2946);
#837=VERTEX_POINT('',#2948);
#838=VERTEX_POINT('',#2950);
#839=VERTEX_POINT('',#2952);
#840=VERTEX_POINT('',#2954);
#841=VERTEX_POINT('',#2956);
#842=VERTEX_POINT('',#2958);
#843=VERTEX_POINT('',#2960);
#844=VERTEX_POINT('',#2962);
#845=VERTEX_POINT('',#2964);
#846=VERTEX_POINT('',#2966);
#847=VERTEX_POINT('',#2968);
#848=VERTEX_POINT('',#2970);
#849=VERTEX_POINT('',#2972);
#850=VERTEX_POINT('',#2974);
#851=VERTEX_POINT('',#2976);
#852=VERTEX_POINT('',#2978);
#853=VERTEX_POINT('',#2980);
#854=VERTEX_POINT('',#2982);
#855=VERTEX_POINT('',#2984);
#856=VERTEX_POINT('',#2986);
#857=VERTEX_POINT('',#2988);
#858=VERTEX_POINT('',#2992);
#859=VERTEX_POINT('',#2993);
#860=VERTEX_POINT('',#2995);
#861=VERTEX_POINT('',#2997);
#862=VERTEX_POINT('',#3001);
#863=VERTEX_POINT('',#3003);
#864=VERTEX_POINT('',#3008);
#865=VERTEX_POINT('',#3009);
#866=VERTEX_POINT('',#3014);
#867=VERTEX_POINT('',#3015);
#868=VERTEX_POINT('',#3026);
#869=VERTEX_POINT('',#3028);
#870=VERTEX_POINT('',#3032);
#871=VERTEX_POINT('',#3034);
#872=VERTEX_POINT('',#3036);
#873=VERTEX_POINT('',#3040);
#874=VERTEX_POINT('',#3042);
#875=VERTEX_POINT('',#3044);
#876=VERTEX_POINT('',#3054);
#877=VERTEX_POINT('',#3055);
#878=VERTEX_POINT('',#3057);
#879=VERTEX_POINT('',#3059);
#880=VERTEX_POINT('',#3063);
#881=VERTEX_POINT('',#3065);
#882=VERTEX_POINT('',#3070);
#883=VERTEX_POINT('',#3071);
#884=VERTEX_POINT('',#3076);
#885=VERTEX_POINT('',#3077);
#886=VERTEX_POINT('',#3088);
#887=VERTEX_POINT('',#3090);
#888=VERTEX_POINT('',#3094);
#889=VERTEX_POINT('',#3095);
#890=VERTEX_POINT('',#3098);
#891=VERTEX_POINT('',#3100);
#892=VERTEX_POINT('',#3104);
#893=VERTEX_POINT('',#3106);
#894=VERTEX_POINT('',#3108);
#895=VERTEX_POINT('',#3110);
#896=VERTEX_POINT('',#3122);
#897=VERTEX_POINT('',#3123);
#898=VERTEX_POINT('',#3125);
#899=VERTEX_POINT('',#3127);
#900=VERTEX_POINT('',#3132);
#901=VERTEX_POINT('',#3134);
#902=VERTEX_POINT('',#3138);
#903=VERTEX_POINT('',#3143);
#904=VERTEX_POINT('',#3150);
#905=VERTEX_POINT('',#3152);
#906=VERTEX_POINT('',#3154);
#907=VERTEX_POINT('',#3158);
#908=VERTEX_POINT('',#3160);
#909=VERTEX_POINT('',#3162);
#910=VERTEX_POINT('',#3173);
#911=VERTEX_POINT('',#3174);
#912=VERTEX_POINT('',#3176);
#913=VERTEX_POINT('',#3178);
#914=VERTEX_POINT('',#3182);
#915=VERTEX_POINT('',#3184);
#916=VERTEX_POINT('',#3189);
#917=VERTEX_POINT('',#3191);
#918=VERTEX_POINT('',#3195);
#919=VERTEX_POINT('',#3196);
#920=VERTEX_POINT('',#3207);
#921=VERTEX_POINT('',#3208);
#922=VERTEX_POINT('',#3213);
#923=VERTEX_POINT('',#3214);
#924=VERTEX_POINT('',#3217);
#925=VERTEX_POINT('',#3219);
#926=VERTEX_POINT('',#3223);
#927=VERTEX_POINT('',#3225);
#928=VERTEX_POINT('',#3227);
#929=VERTEX_POINT('',#3229);
#930=VERTEX_POINT('',#3241);
#931=VERTEX_POINT('',#3243);
#932=VERTEX_POINT('',#3246);
#933=VERTEX_POINT('',#3248);
#934=VERTEX_POINT('',#3252);
#935=VERTEX_POINT('',#3256);
#936=VERTEX_POINT('',#3258);
#937=VERTEX_POINT('',#3261);
#938=VERTEX_POINT('',#3267);
#939=VERTEX_POINT('',#3270);
#940=VERTEX_POINT('',#3272);
#941=VERTEX_POINT('',#3276);
#942=VERTEX_POINT('',#3278);
#943=VERTEX_POINT('',#3282);
#944=VERTEX_POINT('',#3283);
#945=VERTEX_POINT('',#3288);
#946=VERTEX_POINT('',#3289);
#947=VERTEX_POINT('',#3299);
#948=VERTEX_POINT('',#3300);
#949=VERTEX_POINT('',#3305);
#950=VERTEX_POINT('',#3306);
#951=VERTEX_POINT('',#3309);
#952=VERTEX_POINT('',#3313);
#953=VERTEX_POINT('',#3315);
#954=VERTEX_POINT('',#3317);
#955=VERTEX_POINT('',#3343);
#956=LINE('',#2858,#1166);
#957=LINE('',#2861,#1167);
#958=LINE('',#2863,#1168);
#959=LINE('',#2865,#1169);
#960=LINE('',#2867,#1170);
#961=LINE('',#2870,#1171);
#962=LINE('',#2872,#1172);
#963=LINE('',#2874,#1173);
#964=LINE('',#2877,#1174);
#965=LINE('',#2879,#1175);
#966=LINE('',#2881,#1176);
#967=LINE('',#2885,#1177);
#968=LINE('',#2889,#1178);
#969=LINE('',#2891,#1179);
#970=LINE('',#2893,#1180);
#971=LINE('',#2895,#1181);
#972=LINE('',#2897,#1182);
#973=LINE('',#2899,#1183);
#974=LINE('',#2901,#1184);
#975=LINE('',#2903,#1185);
#976=LINE('',#2905,#1186);
#977=LINE('',#2909,#1187);
#978=LINE('',#2913,#1188);
#979=LINE('',#2915,#1189);
#980=LINE('',#2917,#1190);
#981=LINE('',#2921,#1191);
#982=LINE('',#2925,#1192);
#983=LINE('',#2927,#1193);
#984=LINE('',#2929,#1194);
#985=LINE('',#2931,#1195);
#986=LINE('',#2933,#1196);
#987=LINE('',#2935,#1197);
#988=LINE('',#2937,#1198);
#989=LINE('',#2941,#1199);
#990=LINE('',#2945,#1200);
#991=LINE('',#2947,#1201);
#992=LINE('',#2949,#1202);
#993=LINE('',#2953,#1203);
#994=LINE('',#2957,#1204);
#995=LINE('',#2959,#1205);
#996=LINE('',#2961,#1206);
#997=LINE('',#2963,#1207);
#998=LINE('',#2965,#1208);
#999=LINE('',#2969,#1209);
#1000=LINE('',#2973,#1210);
#1001=LINE('',#2975,#1211);
#1002=LINE('',#2977,#1212);
#1003=LINE('',#2981,#1213);
#1004=LINE('',#2985,#1214);
#1005=LINE('',#2987,#1215);
#1006=LINE('',#2989,#1216);
#1007=LINE('',#2991,#1217);
#1008=LINE('',#2994,#1218);
#1009=LINE('',#2996,#1219);
#1010=LINE('',#2998,#1220);
#1011=LINE('',#3000,#1221);
#1012=LINE('',#3002,#1222);
#1013=LINE('',#3004,#1223);
#1014=LINE('',#3005,#1224);
#1015=LINE('',#3007,#1225);
#1016=LINE('',#3010,#1226);
#1017=LINE('',#3011,#1227);
#1018=LINE('',#3013,#1228);
#1019=LINE('',#3016,#1229);
#1020=LINE('',#3017,#1230);
#1021=LINE('',#3018,#1231);
#1022=LINE('',#3020,#1232);
#1023=LINE('',#3025,#1233);
#1024=LINE('',#3027,#1234);
#1025=LINE('',#3029,#1235);
#1026=LINE('',#3031,#1236);
#1027=LINE('',#3033,#1237);
#1028=LINE('',#3035,#1238);
#1029=LINE('',#3037,#1239);
#1030=LINE('',#3039,#1240);
#1031=LINE('',#3041,#1241);
#1032=LINE('',#3043,#1242);
#1033=LINE('',#3045,#1243);
#1034=LINE('',#3047,#1244);
#1035=LINE('',#3048,#1245);
#1036=LINE('',#3050,#1246);
#1037=LINE('',#3053,#1247);
#1038=LINE('',#3056,#1248);
#1039=LINE('',#3058,#1249);
#1040=LINE('',#3060,#1250);
#1041=LINE('',#3062,#1251);
#1042=LINE('',#3064,#1252);
#1043=LINE('',#3066,#1253);
#1044=LINE('',#3067,#1254);
#1045=LINE('',#3069,#1255);
#1046=LINE('',#3072,#1256);
#1047=LINE('',#3073,#1257);
#1048=LINE('',#3075,#1258);
#1049=LINE('',#3078,#1259);
#1050=LINE('',#3079,#1260);
#1051=LINE('',#3080,#1261);
#1052=LINE('',#3082,#1262);
#1053=LINE('',#3087,#1263);
#1054=LINE('',#3089,#1264);
#1055=LINE('',#3091,#1265);
#1056=LINE('',#3093,#1266);
#1057=LINE('',#3096,#1267);
#1058=LINE('',#3097,#1268);
#1059=LINE('',#3099,#1269);
#1060=LINE('',#3101,#1270);
#1061=LINE('',#3103,#1271);
#1062=LINE('',#3105,#1272);
#1063=LINE('',#3107,#1273);
#1064=LINE('',#3109,#1274);
#1065=LINE('',#3111,#1275);
#1066=LINE('',#3113,#1276);
#1067=LINE('',#3114,#1277);
#1068=LINE('',#3116,#1278);
#1069=LINE('',#3121,#1279);
#1070=LINE('',#3124,#1280);
#1071=LINE('',#3126,#1281);
#1072=LINE('',#3128,#1282);
#1073=LINE('',#3130,#1283);
#1074=LINE('',#3131,#1284);
#1075=LINE('',#3133,#1285);
#1076=LINE('',#3135,#1286);
#1077=LINE('',#3137,#1287);
#1078=LINE('',#3139,#1288);
#1079=LINE('',#3141,#1289);
#1080=LINE('',#3142,#1290);
#1081=LINE('',#3144,#1291);
#1082=LINE('',#3146,#1292);
#1083=LINE('',#3149,#1293);
#1084=LINE('',#3151,#1294);
#1085=LINE('',#3153,#1295);
#1086=LINE('',#3155,#1296);
#1087=LINE('',#3157,#1297);
#1088=LINE('',#3159,#1298);
#1089=LINE('',#3161,#1299);
#1090=LINE('',#3163,#1300);
#1091=LINE('',#3165,#1301);
#1092=LINE('',#3166,#1302);
#1093=LINE('',#3168,#1303);
#1094=LINE('',#3172,#1304);
#1095=LINE('',#3175,#1305);
#1096=LINE('',#3177,#1306);
#1097=LINE('',#3179,#1307);
#1098=LINE('',#3181,#1308);
#1099=LINE('',#3183,#1309);
#1100=LINE('',#3185,#1310);
#1101=LINE('',#3186,#1311);
#1102=LINE('',#3188,#1312);
#1103=LINE('',#3190,#1313);
#1104=LINE('',#3192,#1314);
#1105=LINE('',#3194,#1315);
#1106=LINE('',#3197,#1316);
#1107=LINE('',#3198,#1317);
#1108=LINE('',#3199,#1318);
#1109=LINE('',#3201,#1319);
#1110=LINE('',#3206,#1320);
#1111=LINE('',#3209,#1321);
#1112=LINE('',#3210,#1322);
#1113=LINE('',#3212,#1323);
#1114=LINE('',#3215,#1324);
#1115=LINE('',#3216,#1325);
#1116=LINE('',#3218,#1326);
#1117=LINE('',#3220,#1327);
#1118=LINE('',#3222,#1328);
#1119=LINE('',#3224,#1329);
#1120=LINE('',#3226,#1330);
#1121=LINE('',#3228,#1331);
#1122=LINE('',#3230,#1332);
#1123=LINE('',#3232,#1333);
#1124=LINE('',#3233,#1334);
#1125=LINE('',#3235,#1335);
#1126=LINE('',#3240,#1336);
#1127=LINE('',#3242,#1337);
#1128=LINE('',#3244,#1338);
#1129=LINE('',#3245,#1339);
#1130=LINE('',#3247,#1340);
#1131=LINE('',#3249,#1341);
#1132=LINE('',#3251,#1342);
#1133=LINE('',#3253,#1343);
#1134=LINE('',#3255,#1344);
#1135=LINE('',#3257,#1345);
#1136=LINE('',#3259,#1346);
#1137=LINE('',#3260,#1347);
#1138=LINE('',#3262,#1348);
#1139=LINE('',#3264,#1349);
#1140=LINE('',#3269,#1350);
#1141=LINE('',#3271,#1351);
#1142=LINE('',#3273,#1352);
#1143=LINE('',#3275,#1353);
#1144=LINE('',#3277,#1354);
#1145=LINE('',#3279,#1355);
#1146=LINE('',#3281,#1356);
#1147=LINE('',#3284,#1357);
#1148=LINE('',#3285,#1358);
#1149=LINE('',#3287,#1359);
#1150=LINE('',#3290,#1360);
#1151=LINE('',#3291,#1361);
#1152=LINE('',#3293,#1362);
#1153=LINE('',#3298,#1363);
#1154=LINE('',#3301,#1364);
#1155=LINE('',#3302,#1365);
#1156=LINE('',#3304,#1366);
#1157=LINE('',#3307,#1367);
#1158=LINE('',#3308,#1368);
#1159=LINE('',#3310,#1369);
#1160=LINE('',#3312,#1370);
#1161=LINE('',#3314,#1371);
#1162=LINE('',#3316,#1372);
#1163=LINE('',#3318,#1373);
#1164=LINE('',#3320,#1374);
#1165=LINE('',#3322,#1375);
#1166=VECTOR('',#2416,1000.);
#1167=VECTOR('',#2417,1000.);
#1168=VECTOR('',#2418,1000.);
#1169=VECTOR('',#2419,1000.);
#1170=VECTOR('',#2422,1000.);
#1171=VECTOR('',#2423,1000.);
#1172=VECTOR('',#2424,1000.);
#1173=VECTOR('',#2425,1000.);
#1174=VECTOR('',#2430,1000.);
#1175=VECTOR('',#2431,1000.);
#1176=VECTOR('',#2432,1000.);
#1177=VECTOR('',#2435,1000.);
#1178=VECTOR('',#2438,1000.);
#1179=VECTOR('',#2439,1000.);
#1180=VECTOR('',#2440,1000.);
#1181=VECTOR('',#2441,1000.);
#1182=VECTOR('',#2442,1000.);
#1183=VECTOR('',#2443,1000.);
#1184=VECTOR('',#2444,1000.);
#1185=VECTOR('',#2445,1000.);
#1186=VECTOR('',#2446,1000.);
#1187=VECTOR('',#2449,1000.);
#1188=VECTOR('',#2452,1000.);
#1189=VECTOR('',#2453,1000.);
#1190=VECTOR('',#2454,1000.);
#1191=VECTOR('',#2457,1000.);
#1192=VECTOR('',#2460,1000.);
#1193=VECTOR('',#2461,1000.);
#1194=VECTOR('',#2462,1000.);
#1195=VECTOR('',#2463,1000.);
#1196=VECTOR('',#2464,1000.);
#1197=VECTOR('',#2465,1000.);
#1198=VECTOR('',#2466,1000.);
#1199=VECTOR('',#2469,1000.);
#1200=VECTOR('',#2472,1000.);
#1201=VECTOR('',#2473,1000.);
#1202=VECTOR('',#2474,1000.);
#1203=VECTOR('',#2477,1000.);
#1204=VECTOR('',#2480,1000.);
#1205=VECTOR('',#2481,1000.);
#1206=VECTOR('',#2482,1000.);
#1207=VECTOR('',#2483,1000.);
#1208=VECTOR('',#2484,1000.);
#1209=VECTOR('',#2487,1000.);
#1210=VECTOR('',#2490,1000.);
#1211=VECTOR('',#2491,1000.);
#1212=VECTOR('',#2492,1000.);
#1213=VECTOR('',#2495,1000.);
#1214=VECTOR('',#2498,1000.);
#1215=VECTOR('',#2499,1000.);
#1216=VECTOR('',#2500,1000.);
#1217=VECTOR('',#2503,1000.);
#1218=VECTOR('',#2504,1000.);
#1219=VECTOR('',#2505,1000.);
#1220=VECTOR('',#2506,1000.);
#1221=VECTOR('',#2509,1000.);
#1222=VECTOR('',#2510,1000.);
#1223=VECTOR('',#2511,1000.);
#1224=VECTOR('',#2512,1000.);
#1225=VECTOR('',#2515,1000.);
#1226=VECTOR('',#2516,1000.);
#1227=VECTOR('',#2517,1000.);
#1228=VECTOR('',#2520,1000.);
#1229=VECTOR('',#2521,1000.);
#1230=VECTOR('',#2522,1000.);
#1231=VECTOR('',#2523,1000.);
#1232=VECTOR('',#2526,1000.);
#1233=VECTOR('',#2535,1000.);
#1234=VECTOR('',#2536,1000.);
#1235=VECTOR('',#2537,1000.);
#1236=VECTOR('',#2540,1000.);
#1237=VECTOR('',#2541,1000.);
#1238=VECTOR('',#2542,1000.);
#1239=VECTOR('',#2543,1000.);
#1240=VECTOR('',#2546,1000.);
#1241=VECTOR('',#2547,1000.);
#1242=VECTOR('',#2548,1000.);
#1243=VECTOR('',#2549,1000.);
#1244=VECTOR('',#2552,1000.);
#1245=VECTOR('',#2553,1000.);
#1246=VECTOR('',#2556,1000.);
#1247=VECTOR('',#2561,1000.);
#1248=VECTOR('',#2562,1000.);
#1249=VECTOR('',#2563,1000.);
#1250=VECTOR('',#2564,1000.);
#1251=VECTOR('',#2567,1000.);
#1252=VECTOR('',#2568,1000.);
#1253=VECTOR('',#2569,1000.);
#1254=VECTOR('',#2570,1000.);
#1255=VECTOR('',#2573,1000.);
#1256=VECTOR('',#2574,1000.);
#1257=VECTOR('',#2575,1000.);
#1258=VECTOR('',#2578,1000.);
#1259=VECTOR('',#2579,1000.);
#1260=VECTOR('',#2580,1000.);
#1261=VECTOR('',#2581,1000.);
#1262=VECTOR('',#2584,1000.);
#1263=VECTOR('',#2593,1000.);
#1264=VECTOR('',#2594,1000.);
#1265=VECTOR('',#2595,1000.);
#1266=VECTOR('',#2598,1000.);
#1267=VECTOR('',#2599,1000.);
#1268=VECTOR('',#2600,1000.);
#1269=VECTOR('',#2601,1000.);
#1270=VECTOR('',#2602,1000.);
#1271=VECTOR('',#2605,1000.);
#1272=VECTOR('',#2606,1000.);
#1273=VECTOR('',#2607,1000.);
#1274=VECTOR('',#2608,1000.);
#1275=VECTOR('',#2609,1000.);
#1276=VECTOR('',#2612,1000.);
#1277=VECTOR('',#2613,1000.);
#1278=VECTOR('',#2616,1000.);
#1279=VECTOR('',#2625,1000.);
#1280=VECTOR('',#2626,1000.);
#1281=VECTOR('',#2627,1000.);
#1282=VECTOR('',#2628,1000.);
#1283=VECTOR('',#2631,1000.);
#1284=VECTOR('',#2632,1000.);
#1285=VECTOR('',#2633,1000.);
#1286=VECTOR('',#2634,1000.);
#1287=VECTOR('',#2637,1000.);
#1288=VECTOR('',#2638,1000.);
#1289=VECTOR('',#2641,1000.);
#1290=VECTOR('',#2642,1000.);
#1291=VECTOR('',#2643,1000.);
#1292=VECTOR('',#2646,1000.);
#1293=VECTOR('',#2651,1000.);
#1294=VECTOR('',#2652,1000.);
#1295=VECTOR('',#2653,1000.);
#1296=VECTOR('',#2654,1000.);
#1297=VECTOR('',#2657,1000.);
#1298=VECTOR('',#2658,1000.);
#1299=VECTOR('',#2659,1000.);
#1300=VECTOR('',#2660,1000.);
#1301=VECTOR('',#2663,1000.);
#1302=VECTOR('',#2664,1000.);
#1303=VECTOR('',#2667,1000.);
#1304=VECTOR('',#2674,1000.);
#1305=VECTOR('',#2675,1000.);
#1306=VECTOR('',#2676,1000.);
#1307=VECTOR('',#2677,1000.);
#1308=VECTOR('',#2680,1000.);
#1309=VECTOR('',#2681,1000.);
#1310=VECTOR('',#2682,1000.);
#1311=VECTOR('',#2683,1000.);
#1312=VECTOR('',#2686,1000.);
#1313=VECTOR('',#2687,1000.);
#1314=VECTOR('',#2688,1000.);
#1315=VECTOR('',#2691,1000.);
#1316=VECTOR('',#2692,1000.);
#1317=VECTOR('',#2693,1000.);
#1318=VECTOR('',#2694,1000.);
#1319=VECTOR('',#2697,1000.);
#1320=VECTOR('',#2706,1000.);
#1321=VECTOR('',#2707,1000.);
#1322=VECTOR('',#2708,1000.);
#1323=VECTOR('',#2711,1000.);
#1324=VECTOR('',#2712,1000.);
#1325=VECTOR('',#2713,1000.);
#1326=VECTOR('',#2714,1000.);
#1327=VECTOR('',#2715,1000.);
#1328=VECTOR('',#2718,1000.);
#1329=VECTOR('',#2719,1000.);
#1330=VECTOR('',#2720,1000.);
#1331=VECTOR('',#2721,1000.);
#1332=VECTOR('',#2722,1000.);
#1333=VECTOR('',#2725,1000.);
#1334=VECTOR('',#2726,1000.);
#1335=VECTOR('',#2729,1000.);
#1336=VECTOR('',#2738,1000.);
#1337=VECTOR('',#2739,1000.);
#1338=VECTOR('',#2740,1000.);
#1339=VECTOR('',#2741,1000.);
#1340=VECTOR('',#2742,1000.);
#1341=VECTOR('',#2743,1000.);
#1342=VECTOR('',#2746,1000.);
#1343=VECTOR('',#2747,1000.);
#1344=VECTOR('',#2750,1000.);
#1345=VECTOR('',#2751,1000.);
#1346=VECTOR('',#2752,1000.);
#1347=VECTOR('',#2753,1000.);
#1348=VECTOR('',#2754,1000.);
#1349=VECTOR('',#2757,1000.);
#1350=VECTOR('',#2764,1000.);
#1351=VECTOR('',#2765,1000.);
#1352=VECTOR('',#2766,1000.);
#1353=VECTOR('',#2769,1000.);
#1354=VECTOR('',#2770,1000.);
#1355=VECTOR('',#2771,1000.);
#1356=VECTOR('',#2774,1000.);
#1357=VECTOR('',#2775,1000.);
#1358=VECTOR('',#2776,1000.);
#1359=VECTOR('',#2779,1000.);
#1360=VECTOR('',#2780,1000.);
#1361=VECTOR('',#2781,1000.);
#1362=VECTOR('',#2784,1000.);
#1363=VECTOR('',#2793,1000.);
#1364=VECTOR('',#2794,1000.);
#1365=VECTOR('',#2795,1000.);
#1366=VECTOR('',#2798,1000.);
#1367=VECTOR('',#2799,1000.);
#1368=VECTOR('',#2800,1000.);
#1369=VECTOR('',#2801,1000.);
#1370=VECTOR('',#2804,1000.);
#1371=VECTOR('',#2805,1000.);
#1372=VECTOR('',#2806,1000.);
#1373=VECTOR('',#2807,1000.);
#1374=VECTOR('',#2810,1000.);
#1375=VECTOR('',#2813,1000.);
#1376=EDGE_LOOP('',(#68,#69,#70,#71));
#1377=EDGE_LOOP('',(#72,#73,#74,#75));
#1378=EDGE_LOOP('',(#76,#77,#78,#79,#80,#81,#82,#83,#84,#85,#86,#87,#88,
#89,#90,#91,#92,#93,#94,#95,#96,#97,#98,#99,#100,#101,#102,#103,#104,#105,
#106,#107,#108,#109,#110,#111,#112,#113,#114,#115,#116,#117,#118,#119,#120,
#121,#122,#123,#124,#125,#126,#127,#128,#129,#130,#131,#132,#133,#134,#135));
#1379=EDGE_LOOP('',(#136,#137,#138,#139));
#1380=EDGE_LOOP('',(#140,#141,#142,#143,#144,#145));
#1381=EDGE_LOOP('',(#146,#147,#148,#149));
#1382=EDGE_LOOP('',(#150,#151,#152,#153,#154,#155));
#1383=EDGE_LOOP('',(#156,#157,#158,#159));
#1384=EDGE_LOOP('',(#160,#161,#162,#163,#164,#165));
#1385=EDGE_LOOP('',(#166,#167,#168,#169));
#1386=EDGE_LOOP('',(#170,#171,#172,#173,#174,#175));
#1387=EDGE_LOOP('',(#176,#177,#178,#179,#180,#181));
#1388=EDGE_LOOP('',(#182,#183,#184,#185));
#1389=EDGE_LOOP('',(#186,#187,#188,#189));
#1390=EDGE_LOOP('',(#190,#191,#192,#193));
#1391=EDGE_LOOP('',(#194,#195,#196,#197));
#1392=EDGE_LOOP('',(#198,#199,#200,#201,#202,#203));
#1393=EDGE_LOOP('',(#204,#205,#206,#207));
#1394=EDGE_LOOP('',(#208,#209,#210,#211,#212,#213));
#1395=EDGE_LOOP('',(#214,#215,#216,#217));
#1396=EDGE_LOOP('',(#218,#219,#220,#221,#222,#223));
#1397=EDGE_LOOP('',(#224,#225,#226,#227));
#1398=EDGE_LOOP('',(#228,#229,#230,#231,#232,#233));
#1399=EDGE_LOOP('',(#234,#235,#236,#237,#238,#239));
#1400=EDGE_LOOP('',(#240,#241,#242,#243));
#1401=EDGE_LOOP('',(#244,#245,#246,#247));
#1402=EDGE_LOOP('',(#248,#249,#250,#251,#252,#253));
#1403=EDGE_LOOP('',(#254,#255,#256,#257));
#1404=EDGE_LOOP('',(#258,#259,#260,#261,#262,#263));
#1405=EDGE_LOOP('',(#264,#265,#266,#267));
#1406=EDGE_LOOP('',(#268,#269,#270,#271,#272,#273));
#1407=EDGE_LOOP('',(#274,#275,#276,#277));
#1408=EDGE_LOOP('',(#278,#279,#280,#281));
#1409=EDGE_LOOP('',(#282,#283,#284,#285,#286,#287));
#1410=EDGE_LOOP('',(#288,#289,#290,#291,#292,#293));
#1411=EDGE_LOOP('',(#294,#295,#296,#297));
#1412=EDGE_LOOP('',(#298,#299,#300,#301));
#1413=EDGE_LOOP('',(#302,#303,#304,#305,#306,#307));
#1414=EDGE_LOOP('',(#308,#309,#310,#311));
#1415=EDGE_LOOP('',(#312,#313,#314,#315,#316,#317));
#1416=EDGE_LOOP('',(#318,#319,#320,#321));
#1417=EDGE_LOOP('',(#322,#323,#324,#325,#326,#327));
#1418=EDGE_LOOP('',(#328,#329,#330,#331));
#1419=EDGE_LOOP('',(#332,#333,#334,#335,#336,#337));
#1420=EDGE_LOOP('',(#338,#339,#340,#341));
#1421=EDGE_LOOP('',(#342,#343,#344,#345,#346,#347));
#1422=EDGE_LOOP('',(#348,#349,#350,#351,#352,#353));
#1423=EDGE_LOOP('',(#354,#355,#356,#357));
#1424=EDGE_LOOP('',(#358,#359,#360,#361));
#1425=EDGE_LOOP('',(#362,#363,#364,#365,#366,#367));
#1426=EDGE_LOOP('',(#368,#369,#370,#371,#372,#373,#374,#375,#376,#377,#378,
#379,#380,#381,#382,#383,#384,#385,#386,#387,#388,#389,#390,#391));
#1427=EDGE_LOOP('',(#392,#393,#394,#395));
#1428=EDGE_LOOP('',(#396,#397,#398,#399,#400,#401,#402,#403,#404,#405,#406,
#407,#408,#409,#410,#411,#412,#413,#414,#415,#416,#417,#418,#419));
#1429=EDGE_LOOP('',(#420,#421,#422,#423));
#1430=EDGE_LOOP('',(#424));
#1431=EDGE_LOOP('',(#425,#426,#427,#428));
#1432=EDGE_LOOP('',(#429,#430,#431,#432));
#1433=EDGE_LOOP('',(#433,#434,#435,#436,#437,#438));
#1434=EDGE_LOOP('',(#439,#440,#441,#442));
#1435=EDGE_LOOP('',(#443,#444,#445,#446,#447,#448));
#1436=EDGE_LOOP('',(#449,#450,#451,#452));
#1437=EDGE_LOOP('',(#453,#454,#455,#456,#457,#458));
#1438=EDGE_LOOP('',(#459,#460,#461,#462));
#1439=EDGE_LOOP('',(#463,#464,#465,#466,#467,#468));
#1440=EDGE_LOOP('',(#469,#470,#471,#472,#473,#474));
#1441=EDGE_LOOP('',(#475,#476,#477,#478));
#1442=EDGE_LOOP('',(#479,#480,#481,#482));
#1443=EDGE_LOOP('',(#483,#484,#485,#486,#487,#488));
#1444=EDGE_LOOP('',(#489,#490,#491,#492));
#1445=EDGE_LOOP('',(#493,#494,#495,#496));
#1446=EDGE_LOOP('',(#497,#498,#499,#500));
#1447=EDGE_LOOP('',(#501,#502,#503,#504));
#1448=EDGE_LOOP('',(#505,#506,#507,#508));
#1449=EDGE_LOOP('',(#509,#510,#511,#512));
#1450=EDGE_LOOP('',(#513,#514,#515,#516));
#1451=EDGE_LOOP('',(#517,#518,#519,#520));
#1452=EDGE_LOOP('',(#521,#522,#523,#524));
#1453=EDGE_LOOP('',(#525,#526,#527,#528));
#1454=EDGE_LOOP('',(#529,#530,#531,#532));
#1455=EDGE_LOOP('',(#533,#534,#535,#536));
#1456=EDGE_LOOP('',(#537,#538,#539,#540));
#1457=EDGE_LOOP('',(#541,#542,#543,#544));
#1458=EDGE_LOOP('',(#545,#546,#547,#548));
#1459=EDGE_LOOP('',(#549));
#1460=EDGE_LOOP('',(#550));
#1461=EDGE_LOOP('',(#551));
#1462=FACE_BOUND('',#1376,.T.);
#1463=FACE_BOUND('',#1377,.T.);
#1464=FACE_BOUND('',#1378,.T.);
#1465=FACE_BOUND('',#1379,.T.);
#1466=FACE_BOUND('',#1380,.T.);
#1467=FACE_BOUND('',#1381,.T.);
#1468=FACE_BOUND('',#1382,.T.);
#1469=FACE_BOUND('',#1383,.T.);
#1470=FACE_BOUND('',#1384,.T.);
#1471=FACE_BOUND('',#1385,.T.);
#1472=FACE_BOUND('',#1386,.T.);
#1473=FACE_BOUND('',#1387,.T.);
#1474=FACE_BOUND('',#1388,.T.);
#1475=FACE_BOUND('',#1389,.T.);
#1476=FACE_BOUND('',#1390,.T.);
#1477=FACE_BOUND('',#1391,.T.);
#1478=FACE_BOUND('',#1392,.T.);
#1479=FACE_BOUND('',#1393,.T.);
#1480=FACE_BOUND('',#1394,.T.);
#1481=FACE_BOUND('',#1395,.T.);
#1482=FACE_BOUND('',#1396,.T.);
#1483=FACE_BOUND('',#1397,.T.);
#1484=FACE_BOUND('',#1398,.T.);
#1485=FACE_BOUND('',#1399,.T.);
#1486=FACE_BOUND('',#1400,.T.);
#1487=FACE_BOUND('',#1401,.T.);
#1488=FACE_BOUND('',#1402,.T.);
#1489=FACE_BOUND('',#1403,.T.);
#1490=FACE_BOUND('',#1404,.T.);
#1491=FACE_BOUND('',#1405,.T.);
#1492=FACE_BOUND('',#1406,.T.);
#1493=FACE_BOUND('',#1407,.T.);
#1494=FACE_BOUND('',#1408,.T.);
#1495=FACE_BOUND('',#1409,.T.);
#1496=FACE_BOUND('',#1410,.T.);
#1497=FACE_BOUND('',#1411,.T.);
#1498=FACE_BOUND('',#1412,.T.);
#1499=FACE_BOUND('',#1413,.T.);
#1500=FACE_BOUND('',#1414,.T.);
#1501=FACE_BOUND('',#1415,.T.);
#1502=FACE_BOUND('',#1416,.T.);
#1503=FACE_BOUND('',#1417,.T.);
#1504=FACE_BOUND('',#1418,.T.);
#1505=FACE_BOUND('',#1419,.T.);
#1506=FACE_BOUND('',#1420,.T.);
#1507=FACE_BOUND('',#1421,.T.);
#1508=FACE_BOUND('',#1422,.T.);
#1509=FACE_BOUND('',#1423,.T.);
#1510=FACE_BOUND('',#1424,.T.);
#1511=FACE_BOUND('',#1425,.T.);
#1512=FACE_BOUND('',#1426,.T.);
#1513=FACE_BOUND('',#1427,.T.);
#1514=FACE_BOUND('',#1428,.T.);
#1515=FACE_BOUND('',#1429,.T.);
#1516=FACE_BOUND('',#1430,.T.);
#1517=FACE_BOUND('',#1431,.T.);
#1518=FACE_BOUND('',#1432,.T.);
#1519=FACE_BOUND('',#1433,.T.);
#1520=FACE_BOUND('',#1434,.T.);
#1521=FACE_BOUND('',#1435,.T.);
#1522=FACE_BOUND('',#1436,.T.);
#1523=FACE_BOUND('',#1437,.T.);
#1524=FACE_BOUND('',#1438,.T.);
#1525=FACE_BOUND('',#1439,.T.);
#1526=FACE_BOUND('',#1440,.T.);
#1527=FACE_BOUND('',#1441,.T.);
#1528=FACE_BOUND('',#1442,.T.);
#1529=FACE_BOUND('',#1443,.T.);
#1530=FACE_BOUND('',#1444,.T.);
#1531=FACE_BOUND('',#1445,.T.);
#1532=FACE_BOUND('',#1446,.T.);
#1533=FACE_BOUND('',#1447,.T.);
#1534=FACE_BOUND('',#1448,.T.);
#1535=FACE_BOUND('',#1449,.T.);
#1536=FACE_BOUND('',#1450,.T.);
#1537=FACE_BOUND('',#1451,.T.);
#1538=FACE_BOUND('',#1452,.T.);
#1539=FACE_BOUND('',#1453,.T.);
#1540=FACE_BOUND('',#1454,.T.);
#1541=FACE_BOUND('',#1455,.T.);
#1542=FACE_BOUND('',#1456,.T.);
#1543=FACE_BOUND('',#1457,.T.);
#1544=FACE_BOUND('',#1458,.T.);
#1545=FACE_BOUND('',#1459,.T.);
#1546=FACE_BOUND('',#1460,.T.);
#1547=FACE_BOUND('',#1461,.T.);
#1548=PLANE('',#2296);
#1549=PLANE('',#2297);
#1550=PLANE('',#2298);
#1551=PLANE('',#2314);
#1552=PLANE('',#2315);
#1553=PLANE('',#2316);
#1554=PLANE('',#2317);
#1555=PLANE('',#2318);
#1556=PLANE('',#2319);
#1557=PLANE('',#2322);
#1558=PLANE('',#2323);
#1559=PLANE('',#2324);
#1560=PLANE('',#2325);
#1561=PLANE('',#2326);
#1562=PLANE('',#2327);
#1563=PLANE('',#2328);
#1564=PLANE('',#2329);
#1565=PLANE('',#2330);
#1566=PLANE('',#2331);
#1567=PLANE('',#2332);
#1568=PLANE('',#2333);
#1569=PLANE('',#2336);
#1570=PLANE('',#2337);
#1571=PLANE('',#2338);
#1572=PLANE('',#2339);
#1573=PLANE('',#2340);
#1574=PLANE('',#2341);
#1575=PLANE('',#2344);
#1576=PLANE('',#2345);
#1577=PLANE('',#2346);
#1578=PLANE('',#2347);
#1579=PLANE('',#2348);
#1580=PLANE('',#2349);
#1581=PLANE('',#2350);
#1582=PLANE('',#2351);
#1583=PLANE('',#2352);
#1584=PLANE('',#2353);
#1585=PLANE('',#2354);
#1586=PLANE('',#2356);
#1587=PLANE('',#2357);
#1588=PLANE('',#2358);
#1589=PLANE('',#2359);
#1590=PLANE('',#2360);
#1591=PLANE('',#2361);
#1592=PLANE('',#2364);
#1593=PLANE('',#2365);
#1594=PLANE('',#2366);
#1595=PLANE('',#2367);
#1596=PLANE('',#2368);
#1597=PLANE('',#2369);
#1598=PLANE('',#2372);
#1599=PLANE('',#2373);
#1600=PLANE('',#2374);
#1601=PLANE('',#2375);
#1602=PLANE('',#2376);
#1603=PLANE('',#2378);
#1604=PLANE('',#2379);
#1605=PLANE('',#2380);
#1606=PLANE('',#2381);
#1607=PLANE('',#2382);
#1608=PLANE('',#2383);
#1609=PLANE('',#2386);
#1610=PLANE('',#2387);
#1611=PLANE('',#2388);
#1612=PLANE('',#2389);
#1613=PLANE('',#2390);
#1614=PLANE('',#2391);
#1615=PLANE('',#2411);
#1616=STYLED_ITEM('',(#1700),#2207);
#1617=STYLED_ITEM('',(#1701),#2208);
#1618=STYLED_ITEM('',(#1702),#2209);
#1619=STYLED_ITEM('',(#1703),#2210);
#1620=STYLED_ITEM('',(#1704),#2211);
#1621=STYLED_ITEM('',(#1705),#2212);
#1622=STYLED_ITEM('',(#1706),#2213);
#1623=STYLED_ITEM('',(#1707),#2214);
#1624=STYLED_ITEM('',(#1708),#2215);
#1625=STYLED_ITEM('',(#1709),#2216);
#1626=STYLED_ITEM('',(#1710),#2217);
#1627=STYLED_ITEM('',(#1711),#2218);
#1628=STYLED_ITEM('',(#1712),#2219);
#1629=STYLED_ITEM('',(#1713),#2220);
#1630=STYLED_ITEM('',(#1714),#2221);
#1631=STYLED_ITEM('',(#1715),#2222);
#1632=STYLED_ITEM('',(#1716),#2223);
#1633=STYLED_ITEM('',(#1717),#2224);
#1634=STYLED_ITEM('',(#1718),#2225);
#1635=STYLED_ITEM('',(#1719),#2226);
#1636=STYLED_ITEM('',(#1720),#2227);
#1637=STYLED_ITEM('',(#1721),#2228);
#1638=STYLED_ITEM('',(#1722),#2229);
#1639=STYLED_ITEM('',(#1723),#2230);
#1640=STYLED_ITEM('',(#1724),#2231);
#1641=STYLED_ITEM('',(#1725),#2232);
#1642=STYLED_ITEM('',(#1726),#2233);
#1643=STYLED_ITEM('',(#1727),#2234);
#1644=STYLED_ITEM('',(#1728),#2235);
#1645=STYLED_ITEM('',(#1729),#2236);
#1646=STYLED_ITEM('',(#1730),#2237);
#1647=STYLED_ITEM('',(#1731),#2238);
#1648=STYLED_ITEM('',(#1732),#2239);
#1649=STYLED_ITEM('',(#1733),#2240);
#1650=STYLED_ITEM('',(#1734),#2241);
#1651=STYLED_ITEM('',(#1735),#2242);
#1652=STYLED_ITEM('',(#1736),#2243);
#1653=STYLED_ITEM('',(#1737),#2244);
#1654=STYLED_ITEM('',(#1738),#2245);
#1655=STYLED_ITEM('',(#1739),#2246);
#1656=STYLED_ITEM('',(#1740),#2247);
#1657=STYLED_ITEM('',(#1741),#2248);
#1658=STYLED_ITEM('',(#1742),#2249);
#1659=STYLED_ITEM('',(#1743),#2250);
#1660=STYLED_ITEM('',(#1744),#2251);
#1661=STYLED_ITEM('',(#1745),#2252);
#1662=STYLED_ITEM('',(#1746),#2253);
#1663=STYLED_ITEM('',(#1747),#2254);
#1664=STYLED_ITEM('',(#1748),#2255);
#1665=STYLED_ITEM('',(#1749),#2256);
#1666=STYLED_ITEM('',(#1750),#2257);
#1667=STYLED_ITEM('',(#1751),#2258);
#1668=STYLED_ITEM('',(#1752),#2259);
#1669=STYLED_ITEM('',(#1753),#2260);
#1670=STYLED_ITEM('',(#1754),#2261);
#1671=STYLED_ITEM('',(#1755),#2262);
#1672=STYLED_ITEM('',(#1756),#2263);
#1673=STYLED_ITEM('',(#1757),#2264);
#1674=STYLED_ITEM('',(#1758),#2265);
#1675=STYLED_ITEM('',(#1759),#2266);
#1676=STYLED_ITEM('',(#1760),#2267);
#1677=STYLED_ITEM('',(#1761),#2268);
#1678=STYLED_ITEM('',(#1762),#2269);
#1679=STYLED_ITEM('',(#1763),#2270);
#1680=STYLED_ITEM('',(#1764),#2271);
#1681=STYLED_ITEM('',(#1765),#2272);
#1682=STYLED_ITEM('',(#1766),#2273);
#1683=STYLED_ITEM('',(#1767),#2274);
#1684=STYLED_ITEM('',(#1768),#2275);
#1685=STYLED_ITEM('',(#1769),#2276);
#1686=STYLED_ITEM('',(#1770),#2277);
#1687=STYLED_ITEM('',(#1771),#2278);
#1688=STYLED_ITEM('',(#1772),#2279);
#1689=STYLED_ITEM('',(#1773),#2280);
#1690=STYLED_ITEM('',(#1774),#2281);
#1691=STYLED_ITEM('',(#1775),#2282);
#1692=STYLED_ITEM('',(#1776),#2283);
#1693=STYLED_ITEM('',(#1777),#2284);
#1694=STYLED_ITEM('',(#1778),#2285);
#1695=STYLED_ITEM('',(#1779),#2286);
#1696=STYLED_ITEM('',(#1780),#2287);
#1697=STYLED_ITEM('',(#1781),#2288);
#1698=STYLED_ITEM('',(#1782),#2289);
#1699=STYLED_ITEM('',(#1783),#2290);
#1700=PRESENTATION_STYLE_ASSIGNMENT((#1784));
#1701=PRESENTATION_STYLE_ASSIGNMENT((#1785));
#1702=PRESENTATION_STYLE_ASSIGNMENT((#1786));
#1703=PRESENTATION_STYLE_ASSIGNMENT((#1787));
#1704=PRESENTATION_STYLE_ASSIGNMENT((#1788));
#1705=PRESENTATION_STYLE_ASSIGNMENT((#1789));
#1706=PRESENTATION_STYLE_ASSIGNMENT((#1790));
#1707=PRESENTATION_STYLE_ASSIGNMENT((#1791));
#1708=PRESENTATION_STYLE_ASSIGNMENT((#1792));
#1709=PRESENTATION_STYLE_ASSIGNMENT((#1793));
#1710=PRESENTATION_STYLE_ASSIGNMENT((#1794));
#1711=PRESENTATION_STYLE_ASSIGNMENT((#1795));
#1712=PRESENTATION_STYLE_ASSIGNMENT((#1796));
#1713=PRESENTATION_STYLE_ASSIGNMENT((#1797));
#1714=PRESENTATION_STYLE_ASSIGNMENT((#1798));
#1715=PRESENTATION_STYLE_ASSIGNMENT((#1799));
#1716=PRESENTATION_STYLE_ASSIGNMENT((#1800));
#1717=PRESENTATION_STYLE_ASSIGNMENT((#1801));
#1718=PRESENTATION_STYLE_ASSIGNMENT((#1802));
#1719=PRESENTATION_STYLE_ASSIGNMENT((#1803));
#1720=PRESENTATION_STYLE_ASSIGNMENT((#1804));
#1721=PRESENTATION_STYLE_ASSIGNMENT((#1805));
#1722=PRESENTATION_STYLE_ASSIGNMENT((#1806));
#1723=PRESENTATION_STYLE_ASSIGNMENT((#1807));
#1724=PRESENTATION_STYLE_ASSIGNMENT((#1808));
#1725=PRESENTATION_STYLE_ASSIGNMENT((#1809));
#1726=PRESENTATION_STYLE_ASSIGNMENT((#1810));
#1727=PRESENTATION_STYLE_ASSIGNMENT((#1811));
#1728=PRESENTATION_STYLE_ASSIGNMENT((#1812));
#1729=PRESENTATION_STYLE_ASSIGNMENT((#1813));
#1730=PRESENTATION_STYLE_ASSIGNMENT((#1814));
#1731=PRESENTATION_STYLE_ASSIGNMENT((#1815));
#1732=PRESENTATION_STYLE_ASSIGNMENT((#1816));
#1733=PRESENTATION_STYLE_ASSIGNMENT((#1817));
#1734=PRESENTATION_STYLE_ASSIGNMENT((#1818));
#1735=PRESENTATION_STYLE_ASSIGNMENT((#1819));
#1736=PRESENTATION_STYLE_ASSIGNMENT((#1820));
#1737=PRESENTATION_STYLE_ASSIGNMENT((#1821));
#1738=PRESENTATION_STYLE_ASSIGNMENT((#1822));
#1739=PRESENTATION_STYLE_ASSIGNMENT((#1823));
#1740=PRESENTATION_STYLE_ASSIGNMENT((#1824));
#1741=PRESENTATION_STYLE_ASSIGNMENT((#1825));
#1742=PRESENTATION_STYLE_ASSIGNMENT((#1826));
#1743=PRESENTATION_STYLE_ASSIGNMENT((#1827));
#1744=PRESENTATION_STYLE_ASSIGNMENT((#1828));
#1745=PRESENTATION_STYLE_ASSIGNMENT((#1829));
#1746=PRESENTATION_STYLE_ASSIGNMENT((#1830));
#1747=PRESENTATION_STYLE_ASSIGNMENT((#1831));
#1748=PRESENTATION_STYLE_ASSIGNMENT((#1832));
#1749=PRESENTATION_STYLE_ASSIGNMENT((#1833));
#1750=PRESENTATION_STYLE_ASSIGNMENT((#1834));
#1751=PRESENTATION_STYLE_ASSIGNMENT((#1835));
#1752=PRESENTATION_STYLE_ASSIGNMENT((#1836));
#1753=PRESENTATION_STYLE_ASSIGNMENT((#1837));
#1754=PRESENTATION_STYLE_ASSIGNMENT((#1838));
#1755=PRESENTATION_STYLE_ASSIGNMENT((#1839));
#1756=PRESENTATION_STYLE_ASSIGNMENT((#1840));
#1757=PRESENTATION_STYLE_ASSIGNMENT((#1841));
#1758=PRESENTATION_STYLE_ASSIGNMENT((#1842));
#1759=PRESENTATION_STYLE_ASSIGNMENT((#1843));
#1760=PRESENTATION_STYLE_ASSIGNMENT((#1844));
#1761=PRESENTATION_STYLE_ASSIGNMENT((#1845));
#1762=PRESENTATION_STYLE_ASSIGNMENT((#1846));
#1763=PRESENTATION_STYLE_ASSIGNMENT((#1847));
#1764=PRESENTATION_STYLE_ASSIGNMENT((#1848));
#1765=PRESENTATION_STYLE_ASSIGNMENT((#1849));
#1766=PRESENTATION_STYLE_ASSIGNMENT((#1850));
#1767=PRESENTATION_STYLE_ASSIGNMENT((#1851));
#1768=PRESENTATION_STYLE_ASSIGNMENT((#1852));
#1769=PRESENTATION_STYLE_ASSIGNMENT((#1853));
#1770=PRESENTATION_STYLE_ASSIGNMENT((#1854));
#1771=PRESENTATION_STYLE_ASSIGNMENT((#1855));
#1772=PRESENTATION_STYLE_ASSIGNMENT((#1856));
#1773=PRESENTATION_STYLE_ASSIGNMENT((#1857));
#1774=PRESENTATION_STYLE_ASSIGNMENT((#1858));
#1775=PRESENTATION_STYLE_ASSIGNMENT((#1859));
#1776=PRESENTATION_STYLE_ASSIGNMENT((#1860));
#1777=PRESENTATION_STYLE_ASSIGNMENT((#1861));
#1778=PRESENTATION_STYLE_ASSIGNMENT((#1862));
#1779=PRESENTATION_STYLE_ASSIGNMENT((#1863));
#1780=PRESENTATION_STYLE_ASSIGNMENT((#1864));
#1781=PRESENTATION_STYLE_ASSIGNMENT((#1865));
#1782=PRESENTATION_STYLE_ASSIGNMENT((#1866));
#1783=PRESENTATION_STYLE_ASSIGNMENT((#1867));
#1784=SURFACE_STYLE_USAGE(.BOTH.,#1868);
#1785=SURFACE_STYLE_USAGE(.BOTH.,#1869);
#1786=SURFACE_STYLE_USAGE(.BOTH.,#1870);
#1787=SURFACE_STYLE_USAGE(.BOTH.,#1871);
#1788=SURFACE_STYLE_USAGE(.BOTH.,#1872);
#1789=SURFACE_STYLE_USAGE(.BOTH.,#1873);
#1790=SURFACE_STYLE_USAGE(.BOTH.,#1874);
#1791=SURFACE_STYLE_USAGE(.BOTH.,#1875);
#1792=SURFACE_STYLE_USAGE(.BOTH.,#1876);
#1793=SURFACE_STYLE_USAGE(.BOTH.,#1877);
#1794=SURFACE_STYLE_USAGE(.BOTH.,#1878);
#1795=SURFACE_STYLE_USAGE(.BOTH.,#1879);
#1796=SURFACE_STYLE_USAGE(.BOTH.,#1880);
#1797=SURFACE_STYLE_USAGE(.BOTH.,#1881);
#1798=SURFACE_STYLE_USAGE(.BOTH.,#1882);
#1799=SURFACE_STYLE_USAGE(.BOTH.,#1883);
#1800=SURFACE_STYLE_USAGE(.BOTH.,#1884);
#1801=SURFACE_STYLE_USAGE(.BOTH.,#1885);
#1802=SURFACE_STYLE_USAGE(.BOTH.,#1886);
#1803=SURFACE_STYLE_USAGE(.BOTH.,#1887);
#1804=SURFACE_STYLE_USAGE(.BOTH.,#1888);
#1805=SURFACE_STYLE_USAGE(.BOTH.,#1889);
#1806=SURFACE_STYLE_USAGE(.BOTH.,#1890);
#1807=SURFACE_STYLE_USAGE(.BOTH.,#1891);
#1808=SURFACE_STYLE_USAGE(.BOTH.,#1892);
#1809=SURFACE_STYLE_USAGE(.BOTH.,#1893);
#1810=SURFACE_STYLE_USAGE(.BOTH.,#1894);
#1811=SURFACE_STYLE_USAGE(.BOTH.,#1895);
#1812=SURFACE_STYLE_USAGE(.BOTH.,#1896);
#1813=SURFACE_STYLE_USAGE(.BOTH.,#1897);
#1814=SURFACE_STYLE_USAGE(.BOTH.,#1898);
#1815=SURFACE_STYLE_USAGE(.BOTH.,#1899);
#1816=SURFACE_STYLE_USAGE(.BOTH.,#1900);
#1817=SURFACE_STYLE_USAGE(.BOTH.,#1901);
#1818=SURFACE_STYLE_USAGE(.BOTH.,#1902);
#1819=SURFACE_STYLE_USAGE(.BOTH.,#1903);
#1820=SURFACE_STYLE_USAGE(.BOTH.,#1904);
#1821=SURFACE_STYLE_USAGE(.BOTH.,#1905);
#1822=SURFACE_STYLE_USAGE(.BOTH.,#1906);
#1823=SURFACE_STYLE_USAGE(.BOTH.,#1907);
#1824=SURFACE_STYLE_USAGE(.BOTH.,#1908);
#1825=SURFACE_STYLE_USAGE(.BOTH.,#1909);
#1826=SURFACE_STYLE_USAGE(.BOTH.,#1910);
#1827=SURFACE_STYLE_USAGE(.BOTH.,#1911);
#1828=SURFACE_STYLE_USAGE(.BOTH.,#1912);
#1829=SURFACE_STYLE_USAGE(.BOTH.,#1913);
#1830=SURFACE_STYLE_USAGE(.BOTH.,#1914);
#1831=SURFACE_STYLE_USAGE(.BOTH.,#1915);
#1832=SURFACE_STYLE_USAGE(.BOTH.,#1916);
#1833=SURFACE_STYLE_USAGE(.BOTH.,#1917);
#1834=SURFACE_STYLE_USAGE(.BOTH.,#1918);
#1835=SURFACE_STYLE_USAGE(.BOTH.,#1919);
#1836=SURFACE_STYLE_USAGE(.BOTH.,#1920);
#1837=SURFACE_STYLE_USAGE(.BOTH.,#1921);
#1838=SURFACE_STYLE_USAGE(.BOTH.,#1922);
#1839=SURFACE_STYLE_USAGE(.BOTH.,#1923);
#1840=SURFACE_STYLE_USAGE(.BOTH.,#1924);
#1841=SURFACE_STYLE_USAGE(.BOTH.,#1925);
#1842=SURFACE_STYLE_USAGE(.BOTH.,#1926);
#1843=SURFACE_STYLE_USAGE(.BOTH.,#1927);
#1844=SURFACE_STYLE_USAGE(.BOTH.,#1928);
#1845=SURFACE_STYLE_USAGE(.BOTH.,#1929);
#1846=SURFACE_STYLE_USAGE(.BOTH.,#1930);
#1847=SURFACE_STYLE_USAGE(.BOTH.,#1931);
#1848=SURFACE_STYLE_USAGE(.BOTH.,#1932);
#1849=SURFACE_STYLE_USAGE(.BOTH.,#1933);
#1850=SURFACE_STYLE_USAGE(.BOTH.,#1934);
#1851=SURFACE_STYLE_USAGE(.BOTH.,#1935);
#1852=SURFACE_STYLE_USAGE(.BOTH.,#1936);
#1853=SURFACE_STYLE_USAGE(.BOTH.,#1937);
#1854=SURFACE_STYLE_USAGE(.BOTH.,#1938);
#1855=SURFACE_STYLE_USAGE(.BOTH.,#1939);
#1856=SURFACE_STYLE_USAGE(.BOTH.,#1940);
#1857=SURFACE_STYLE_USAGE(.BOTH.,#1941);
#1858=SURFACE_STYLE_USAGE(.BOTH.,#1942);
#1859=SURFACE_STYLE_USAGE(.BOTH.,#1943);
#1860=SURFACE_STYLE_USAGE(.BOTH.,#1944);
#1861=SURFACE_STYLE_USAGE(.BOTH.,#1945);
#1862=SURFACE_STYLE_USAGE(.BOTH.,#1946);
#1863=SURFACE_STYLE_USAGE(.BOTH.,#1947);
#1864=SURFACE_STYLE_USAGE(.BOTH.,#1948);
#1865=SURFACE_STYLE_USAGE(.BOTH.,#1949);
#1866=SURFACE_STYLE_USAGE(.BOTH.,#1950);
#1867=SURFACE_STYLE_USAGE(.BOTH.,#1951);
#1868=SURFACE_SIDE_STYLE('',(#1952));
#1869=SURFACE_SIDE_STYLE('',(#1953));
#1870=SURFACE_SIDE_STYLE('',(#1954));
#1871=SURFACE_SIDE_STYLE('',(#1955));
#1872=SURFACE_SIDE_STYLE('',(#1956));
#1873=SURFACE_SIDE_STYLE('',(#1957));
#1874=SURFACE_SIDE_STYLE('',(#1958));
#1875=SURFACE_SIDE_STYLE('',(#1959));
#1876=SURFACE_SIDE_STYLE('',(#1960));
#1877=SURFACE_SIDE_STYLE('',(#1961));
#1878=SURFACE_SIDE_STYLE('',(#1962));
#1879=SURFACE_SIDE_STYLE('',(#1963));
#1880=SURFACE_SIDE_STYLE('',(#1964));
#1881=SURFACE_SIDE_STYLE('',(#1965));
#1882=SURFACE_SIDE_STYLE('',(#1966));
#1883=SURFACE_SIDE_STYLE('',(#1967));
#1884=SURFACE_SIDE_STYLE('',(#1968));
#1885=SURFACE_SIDE_STYLE('',(#1969));
#1886=SURFACE_SIDE_STYLE('',(#1970));
#1887=SURFACE_SIDE_STYLE('',(#1971));
#1888=SURFACE_SIDE_STYLE('',(#1972));
#1889=SURFACE_SIDE_STYLE('',(#1973));
#1890=SURFACE_SIDE_STYLE('',(#1974));
#1891=SURFACE_SIDE_STYLE('',(#1975));
#1892=SURFACE_SIDE_STYLE('',(#1976));
#1893=SURFACE_SIDE_STYLE('',(#1977));
#1894=SURFACE_SIDE_STYLE('',(#1978));
#1895=SURFACE_SIDE_STYLE('',(#1979));
#1896=SURFACE_SIDE_STYLE('',(#1980));
#1897=SURFACE_SIDE_STYLE('',(#1981));
#1898=SURFACE_SIDE_STYLE('',(#1982));
#1899=SURFACE_SIDE_STYLE('',(#1983));
#1900=SURFACE_SIDE_STYLE('',(#1984));
#1901=SURFACE_SIDE_STYLE('',(#1985));
#1902=SURFACE_SIDE_STYLE('',(#1986));
#1903=SURFACE_SIDE_STYLE('',(#1987));
#1904=SURFACE_SIDE_STYLE('',(#1988));
#1905=SURFACE_SIDE_STYLE('',(#1989));
#1906=SURFACE_SIDE_STYLE('',(#1990));
#1907=SURFACE_SIDE_STYLE('',(#1991));
#1908=SURFACE_SIDE_STYLE('',(#1992));
#1909=SURFACE_SIDE_STYLE('',(#1993));
#1910=SURFACE_SIDE_STYLE('',(#1994));
#1911=SURFACE_SIDE_STYLE('',(#1995));
#1912=SURFACE_SIDE_STYLE('',(#1996));
#1913=SURFACE_SIDE_STYLE('',(#1997));
#1914=SURFACE_SIDE_STYLE('',(#1998));
#1915=SURFACE_SIDE_STYLE('',(#1999));
#1916=SURFACE_SIDE_STYLE('',(#2000));
#1917=SURFACE_SIDE_STYLE('',(#2001));
#1918=SURFACE_SIDE_STYLE('',(#2002));
#1919=SURFACE_SIDE_STYLE('',(#2003));
#1920=SURFACE_SIDE_STYLE('',(#2004));
#1921=SURFACE_SIDE_STYLE('',(#2005));
#1922=SURFACE_SIDE_STYLE('',(#2006));
#1923=SURFACE_SIDE_STYLE('',(#2007));
#1924=SURFACE_SIDE_STYLE('',(#2008));
#1925=SURFACE_SIDE_STYLE('',(#2009));
#1926=SURFACE_SIDE_STYLE('',(#2010));
#1927=SURFACE_SIDE_STYLE('',(#2011));
#1928=SURFACE_SIDE_STYLE('',(#2012));
#1929=SURFACE_SIDE_STYLE('',(#2013));
#1930=SURFACE_SIDE_STYLE('',(#2014));
#1931=SURFACE_SIDE_STYLE('',(#2015));
#1932=SURFACE_SIDE_STYLE('',(#2016));
#1933=SURFACE_SIDE_STYLE('',(#2017));
#1934=SURFACE_SIDE_STYLE('',(#2018));
#1935=SURFACE_SIDE_STYLE('',(#2019));
#1936=SURFACE_SIDE_STYLE('',(#2020));
#1937=SURFACE_SIDE_STYLE('',(#2021));
#1938=SURFACE_SIDE_STYLE('',(#2022));
#1939=SURFACE_SIDE_STYLE('',(#2023));
#1940=SURFACE_SIDE_STYLE('',(#2024));
#1941=SURFACE_SIDE_STYLE('',(#2025));
#1942=SURFACE_SIDE_STYLE('',(#2026));
#1943=SURFACE_SIDE_STYLE('',(#2027));
#1944=SURFACE_SIDE_STYLE('',(#2028));
#1945=SURFACE_SIDE_STYLE('',(#2029));
#1946=SURFACE_SIDE_STYLE('',(#2030));
#1947=SURFACE_SIDE_STYLE('',(#2031));
#1948=SURFACE_SIDE_STYLE('',(#2032));
#1949=SURFACE_SIDE_STYLE('',(#2033));
#1950=SURFACE_SIDE_STYLE('',(#2034));
#1951=SURFACE_SIDE_STYLE('',(#2035));
#1952=SURFACE_STYLE_FILL_AREA(#2036);
#1953=SURFACE_STYLE_FILL_AREA(#2037);
#1954=SURFACE_STYLE_FILL_AREA(#2038);
#1955=SURFACE_STYLE_FILL_AREA(#2039);
#1956=SURFACE_STYLE_FILL_AREA(#2040);
#1957=SURFACE_STYLE_FILL_AREA(#2041);
#1958=SURFACE_STYLE_FILL_AREA(#2042);
#1959=SURFACE_STYLE_FILL_AREA(#2043);
#1960=SURFACE_STYLE_FILL_AREA(#2044);
#1961=SURFACE_STYLE_FILL_AREA(#2045);
#1962=SURFACE_STYLE_FILL_AREA(#2046);
#1963=SURFACE_STYLE_FILL_AREA(#2047);
#1964=SURFACE_STYLE_FILL_AREA(#2048);
#1965=SURFACE_STYLE_FILL_AREA(#2049);
#1966=SURFACE_STYLE_FILL_AREA(#2050);
#1967=SURFACE_STYLE_FILL_AREA(#2051);
#1968=SURFACE_STYLE_FILL_AREA(#2052);
#1969=SURFACE_STYLE_FILL_AREA(#2053);
#1970=SURFACE_STYLE_FILL_AREA(#2054);
#1971=SURFACE_STYLE_FILL_AREA(#2055);
#1972=SURFACE_STYLE_FILL_AREA(#2056);
#1973=SURFACE_STYLE_FILL_AREA(#2057);
#1974=SURFACE_STYLE_FILL_AREA(#2058);
#1975=SURFACE_STYLE_FILL_AREA(#2059);
#1976=SURFACE_STYLE_FILL_AREA(#2060);
#1977=SURFACE_STYLE_FILL_AREA(#2061);
#1978=SURFACE_STYLE_FILL_AREA(#2062);
#1979=SURFACE_STYLE_FILL_AREA(#2063);
#1980=SURFACE_STYLE_FILL_AREA(#2064);
#1981=SURFACE_STYLE_FILL_AREA(#2065);
#1982=SURFACE_STYLE_FILL_AREA(#2066);
#1983=SURFACE_STYLE_FILL_AREA(#2067);
#1984=SURFACE_STYLE_FILL_AREA(#2068);
#1985=SURFACE_STYLE_FILL_AREA(#2069);
#1986=SURFACE_STYLE_FILL_AREA(#2070);
#1987=SURFACE_STYLE_FILL_AREA(#2071);
#1988=SURFACE_STYLE_FILL_AREA(#2072);
#1989=SURFACE_STYLE_FILL_AREA(#2073);
#1990=SURFACE_STYLE_FILL_AREA(#2074);
#1991=SURFACE_STYLE_FILL_AREA(#2075);
#1992=SURFACE_STYLE_FILL_AREA(#2076);
#1993=SURFACE_STYLE_FILL_AREA(#2077);
#1994=SURFACE_STYLE_FILL_AREA(#2078);
#1995=SURFACE_STYLE_FILL_AREA(#2079);
#1996=SURFACE_STYLE_FILL_AREA(#2080);
#1997=SURFACE_STYLE_FILL_AREA(#2081);
#1998=SURFACE_STYLE_FILL_AREA(#2082);
#1999=SURFACE_STYLE_FILL_AREA(#2083);
#2000=SURFACE_STYLE_FILL_AREA(#2084);
#2001=SURFACE_STYLE_FILL_AREA(#2085);
#2002=SURFACE_STYLE_FILL_AREA(#2086);
#2003=SURFACE_STYLE_FILL_AREA(#2087);
#2004=SURFACE_STYLE_FILL_AREA(#2088);
#2005=SURFACE_STYLE_FILL_AREA(#2089);
#2006=SURFACE_STYLE_FILL_AREA(#2090);
#2007=SURFACE_STYLE_FILL_AREA(#2091);
#2008=SURFACE_STYLE_FILL_AREA(#2092);
#2009=SURFACE_STYLE_FILL_AREA(#2093);
#2010=SURFACE_STYLE_FILL_AREA(#2094);
#2011=SURFACE_STYLE_FILL_AREA(#2095);
#2012=SURFACE_STYLE_FILL_AREA(#2096);
#2013=SURFACE_STYLE_FILL_AREA(#2097);
#2014=SURFACE_STYLE_FILL_AREA(#2098);
#2015=SURFACE_STYLE_FILL_AREA(#2099);
#2016=SURFACE_STYLE_FILL_AREA(#2100);
#2017=SURFACE_STYLE_FILL_AREA(#2101);
#2018=SURFACE_STYLE_FILL_AREA(#2102);
#2019=SURFACE_STYLE_FILL_AREA(#2103);
#2020=SURFACE_STYLE_FILL_AREA(#2104);
#2021=SURFACE_STYLE_FILL_AREA(#2105);
#2022=SURFACE_STYLE_FILL_AREA(#2106);
#2023=SURFACE_STYLE_FILL_AREA(#2107);
#2024=SURFACE_STYLE_FILL_AREA(#2108);
#2025=SURFACE_STYLE_FILL_AREA(#2109);
#2026=SURFACE_STYLE_FILL_AREA(#2110);
#2027=SURFACE_STYLE_FILL_AREA(#2111);
#2028=SURFACE_STYLE_FILL_AREA(#2112);
#2029=SURFACE_STYLE_FILL_AREA(#2113);
#2030=SURFACE_STYLE_FILL_AREA(#2114);
#2031=SURFACE_STYLE_FILL_AREA(#2115);
#2032=SURFACE_STYLE_FILL_AREA(#2116);
#2033=SURFACE_STYLE_FILL_AREA(#2117);
#2034=SURFACE_STYLE_FILL_AREA(#2118);
#2035=SURFACE_STYLE_FILL_AREA(#2119);
#2036=FILL_AREA_STYLE('',(#2120));
#2037=FILL_AREA_STYLE('',(#2121));
#2038=FILL_AREA_STYLE('',(#2122));
#2039=FILL_AREA_STYLE('',(#2123));
#2040=FILL_AREA_STYLE('',(#2124));
#2041=FILL_AREA_STYLE('',(#2125));
#2042=FILL_AREA_STYLE('',(#2126));
#2043=FILL_AREA_STYLE('',(#2127));
#2044=FILL_AREA_STYLE('',(#2128));
#2045=FILL_AREA_STYLE('',(#2129));
#2046=FILL_AREA_STYLE('',(#2130));
#2047=FILL_AREA_STYLE('',(#2131));
#2048=FILL_AREA_STYLE('',(#2132));
#2049=FILL_AREA_STYLE('',(#2133));
#2050=FILL_AREA_STYLE('',(#2134));
#2051=FILL_AREA_STYLE('',(#2135));
#2052=FILL_AREA_STYLE('',(#2136));
#2053=FILL_AREA_STYLE('',(#2137));
#2054=FILL_AREA_STYLE('',(#2138));
#2055=FILL_AREA_STYLE('',(#2139));
#2056=FILL_AREA_STYLE('',(#2140));
#2057=FILL_AREA_STYLE('',(#2141));
#2058=FILL_AREA_STYLE('',(#2142));
#2059=FILL_AREA_STYLE('',(#2143));
#2060=FILL_AREA_STYLE('',(#2144));
#2061=FILL_AREA_STYLE('',(#2145));
#2062=FILL_AREA_STYLE('',(#2146));
#2063=FILL_AREA_STYLE('',(#2147));
#2064=FILL_AREA_STYLE('',(#2148));
#2065=FILL_AREA_STYLE('',(#2149));
#2066=FILL_AREA_STYLE('',(#2150));
#2067=FILL_AREA_STYLE('',(#2151));
#2068=FILL_AREA_STYLE('',(#2152));
#2069=FILL_AREA_STYLE('',(#2153));
#2070=FILL_AREA_STYLE('',(#2154));
#2071=FILL_AREA_STYLE('',(#2155));
#2072=FILL_AREA_STYLE('',(#2156));
#2073=FILL_AREA_STYLE('',(#2157));
#2074=FILL_AREA_STYLE('',(#2158));
#2075=FILL_AREA_STYLE('',(#2159));
#2076=FILL_AREA_STYLE('',(#2160));
#2077=FILL_AREA_STYLE('',(#2161));
#2078=FILL_AREA_STYLE('',(#2162));
#2079=FILL_AREA_STYLE('',(#2163));
#2080=FILL_AREA_STYLE('',(#2164));
#2081=FILL_AREA_STYLE('',(#2165));
#2082=FILL_AREA_STYLE('',(#2166));
#2083=FILL_AREA_STYLE('',(#2167));
#2084=FILL_AREA_STYLE('',(#2168));
#2085=FILL_AREA_STYLE('',(#2169));
#2086=FILL_AREA_STYLE('',(#2170));
#2087=FILL_AREA_STYLE('',(#2171));
#2088=FILL_AREA_STYLE('',(#2172));
#2089=FILL_AREA_STYLE('',(#2173));
#2090=FILL_AREA_STYLE('',(#2174));
#2091=FILL_AREA_STYLE('',(#2175));
#2092=FILL_AREA_STYLE('',(#2176));
#2093=FILL_AREA_STYLE('',(#2177));
#2094=FILL_AREA_STYLE('',(#2178));
#2095=FILL_AREA_STYLE('',(#2179));
#2096=FILL_AREA_STYLE('',(#2180));
#2097=FILL_AREA_STYLE('',(#2181));
#2098=FILL_AREA_STYLE('',(#2182));
#2099=FILL_AREA_STYLE('',(#2183));
#2100=FILL_AREA_STYLE('',(#2184));
#2101=FILL_AREA_STYLE('',(#2185));
#2102=FILL_AREA_STYLE('',(#2186));
#2103=FILL_AREA_STYLE('',(#2187));
#2104=FILL_AREA_STYLE('',(#2188));
#2105=FILL_AREA_STYLE('',(#2189));
#2106=FILL_AREA_STYLE('',(#2190));
#2107=FILL_AREA_STYLE('',(#2191));
#2108=FILL_AREA_STYLE('',(#2192));
#2109=FILL_AREA_STYLE('',(#2193));
#2110=FILL_AREA_STYLE('',(#2194));
#2111=FILL_AREA_STYLE('',(#2195));
#2112=FILL_AREA_STYLE('',(#2196));
#2113=FILL_AREA_STYLE('',(#2197));
#2114=FILL_AREA_STYLE('',(#2198));
#2115=FILL_AREA_STYLE('',(#2199));
#2116=FILL_AREA_STYLE('',(#2200));
#2117=FILL_AREA_STYLE('',(#2201));
#2118=FILL_AREA_STYLE('',(#2202));
#2119=FILL_AREA_STYLE('',(#2203));
#2120=FILL_AREA_STYLE_COLOUR('',#2204);
#2121=FILL_AREA_STYLE_COLOUR('',#2204);
#2122=FILL_AREA_STYLE_COLOUR('',#2205);
#2123=FILL_AREA_STYLE_COLOUR('',#2204);
#2124=FILL_AREA_STYLE_COLOUR('',#2204);
#2125=FILL_AREA_STYLE_COLOUR('',#2204);
#2126=FILL_AREA_STYLE_COLOUR('',#2204);
#2127=FILL_AREA_STYLE_COLOUR('',#2204);
#2128=FILL_AREA_STYLE_COLOUR('',#2204);
#2129=FILL_AREA_STYLE_COLOUR('',#2204);
#2130=FILL_AREA_STYLE_COLOUR('',#2204);
#2131=FILL_AREA_STYLE_COLOUR('',#2204);
#2132=FILL_AREA_STYLE_COLOUR('',#2204);
#2133=FILL_AREA_STYLE_COLOUR('',#2204);
#2134=FILL_AREA_STYLE_COLOUR('',#2204);
#2135=FILL_AREA_STYLE_COLOUR('',#2204);
#2136=FILL_AREA_STYLE_COLOUR('',#2204);
#2137=FILL_AREA_STYLE_COLOUR('',#2204);
#2138=FILL_AREA_STYLE_COLOUR('',#2204);
#2139=FILL_AREA_STYLE_COLOUR('',#2204);
#2140=FILL_AREA_STYLE_COLOUR('',#2204);
#2141=FILL_AREA_STYLE_COLOUR('',#2204);
#2142=FILL_AREA_STYLE_COLOUR('',#2204);
#2143=FILL_AREA_STYLE_COLOUR('',#2204);
#2144=FILL_AREA_STYLE_COLOUR('',#2204);
#2145=FILL_AREA_STYLE_COLOUR('',#2204);
#2146=FILL_AREA_STYLE_COLOUR('',#2204);
#2147=FILL_AREA_STYLE_COLOUR('',#2204);
#2148=FILL_AREA_STYLE_COLOUR('',#2204);
#2149=FILL_AREA_STYLE_COLOUR('',#2204);
#2150=FILL_AREA_STYLE_COLOUR('',#2204);
#2151=FILL_AREA_STYLE_COLOUR('',#2204);
#2152=FILL_AREA_STYLE_COLOUR('',#2204);
#2153=FILL_AREA_STYLE_COLOUR('',#2204);
#2154=FILL_AREA_STYLE_COLOUR('',#2204);
#2155=FILL_AREA_STYLE_COLOUR('',#2204);
#2156=FILL_AREA_STYLE_COLOUR('',#2204);
#2157=FILL_AREA_STYLE_COLOUR('',#2204);
#2158=FILL_AREA_STYLE_COLOUR('',#2204);
#2159=FILL_AREA_STYLE_COLOUR('',#2204);
#2160=FILL_AREA_STYLE_COLOUR('',#2204);
#2161=FILL_AREA_STYLE_COLOUR('',#2204);
#2162=FILL_AREA_STYLE_COLOUR('',#2204);
#2163=FILL_AREA_STYLE_COLOUR('',#2204);
#2164=FILL_AREA_STYLE_COLOUR('',#2204);
#2165=FILL_AREA_STYLE_COLOUR('',#2204);
#2166=FILL_AREA_STYLE_COLOUR('',#2204);
#2167=FILL_AREA_STYLE_COLOUR('',#2204);
#2168=FILL_AREA_STYLE_COLOUR('',#2204);
#2169=FILL_AREA_STYLE_COLOUR('',#2204);
#2170=FILL_AREA_STYLE_COLOUR('',#2205);
#2171=FILL_AREA_STYLE_COLOUR('',#2205);
#2172=FILL_AREA_STYLE_COLOUR('',#2205);
#2173=FILL_AREA_STYLE_COLOUR('',#2205);
#2174=FILL_AREA_STYLE_COLOUR('',#2205);
#2175=FILL_AREA_STYLE_COLOUR('',#2204);
#2176=FILL_AREA_STYLE_COLOUR('',#2204);
#2177=FILL_AREA_STYLE_COLOUR('',#2204);
#2178=FILL_AREA_STYLE_COLOUR('',#2204);
#2179=FILL_AREA_STYLE_COLOUR('',#2204);
#2180=FILL_AREA_STYLE_COLOUR('',#2204);
#2181=FILL_AREA_STYLE_COLOUR('',#2204);
#2182=FILL_AREA_STYLE_COLOUR('',#2204);
#2183=FILL_AREA_STYLE_COLOUR('',#2204);
#2184=FILL_AREA_STYLE_COLOUR('',#2204);
#2185=FILL_AREA_STYLE_COLOUR('',#2204);
#2186=FILL_AREA_STYLE_COLOUR('',#2204);
#2187=FILL_AREA_STYLE_COLOUR('',#2204);
#2188=FILL_AREA_STYLE_COLOUR('',#2204);
#2189=FILL_AREA_STYLE_COLOUR('',#2204);
#2190=FILL_AREA_STYLE_COLOUR('',#2204);
#2191=FILL_AREA_STYLE_COLOUR('',#2204);
#2192=FILL_AREA_STYLE_COLOUR('',#2204);
#2193=FILL_AREA_STYLE_COLOUR('',#2204);
#2194=FILL_AREA_STYLE_COLOUR('',#2204);
#2195=FILL_AREA_STYLE_COLOUR('',#2204);
#2196=FILL_AREA_STYLE_COLOUR('',#2204);
#2197=FILL_AREA_STYLE_COLOUR('',#2206);
#2198=FILL_AREA_STYLE_COLOUR('',#2206);
#2199=FILL_AREA_STYLE_COLOUR('',#2204);
#2200=FILL_AREA_STYLE_COLOUR('',#2204);
#2201=FILL_AREA_STYLE_COLOUR('',#2204);
#2202=FILL_AREA_STYLE_COLOUR('',#2205);
#2203=FILL_AREA_STYLE_COLOUR('',#2205);
#2204=COLOUR_RGB('',0.699999988079071,0.699999988079071,0.699999988079071);
#2205=COLOUR_RGB('',0.200000002980232,0.200000002980232,0.200000002980232);
#2206=COLOUR_RGB('',0.506983280181885,0.531564235687256,0.550000011920929);
#2207=ADVANCED_FACE('',(#1462),#1548,.T.);
#2208=ADVANCED_FACE('',(#1463),#1549,.T.);
#2209=ADVANCED_FACE('',(#1464),#1550,.F.);
#2210=ADVANCED_FACE('',(#1465),#1551,.F.);
#2211=ADVANCED_FACE('',(#1466),#1552,.F.);
#2212=ADVANCED_FACE('',(#1467),#1553,.F.);
#2213=ADVANCED_FACE('',(#1468),#1554,.F.);
#2214=ADVANCED_FACE('',(#1469),#1555,.F.);
#2215=ADVANCED_FACE('',(#1470),#1556,.T.);
#2216=ADVANCED_FACE('',(#1471),#1557,.T.);
#2217=ADVANCED_FACE('',(#1472),#1558,.T.);
#2218=ADVANCED_FACE('',(#1473),#1559,.T.);
#2219=ADVANCED_FACE('',(#1474),#1560,.T.);
#2220=ADVANCED_FACE('',(#1475),#1561,.T.);
#2221=ADVANCED_FACE('',(#1476),#1562,.F.);
#2222=ADVANCED_FACE('',(#1477),#1563,.F.);
#2223=ADVANCED_FACE('',(#1478),#1564,.F.);
#2224=ADVANCED_FACE('',(#1479),#1565,.F.);
#2225=ADVANCED_FACE('',(#1480),#1566,.F.);
#2226=ADVANCED_FACE('',(#1481),#1567,.F.);
#2227=ADVANCED_FACE('',(#1482),#1568,.T.);
#2228=ADVANCED_FACE('',(#1483),#1569,.T.);
#2229=ADVANCED_FACE('',(#1484),#1570,.T.);
#2230=ADVANCED_FACE('',(#1485),#1571,.T.);
#2231=ADVANCED_FACE('',(#1486),#1572,.T.);
#2232=ADVANCED_FACE('',(#1487),#1573,.T.);
#2233=ADVANCED_FACE('',(#1488),#1574,.F.);
#2234=ADVANCED_FACE('',(#1489),#1575,.F.);
#2235=ADVANCED_FACE('',(#1490),#1576,.F.);
#2236=ADVANCED_FACE('',(#1491),#1577,.F.);
#2237=ADVANCED_FACE('',(#1492),#1578,.F.);
#2238=ADVANCED_FACE('',(#1493),#1579,.F.);
#2239=ADVANCED_FACE('',(#1494),#1580,.T.);
#2240=ADVANCED_FACE('',(#1495),#1581,.T.);
#2241=ADVANCED_FACE('',(#1496),#1582,.T.);
#2242=ADVANCED_FACE('',(#1497),#1583,.T.);
#2243=ADVANCED_FACE('',(#1498),#1584,.T.);
#2244=ADVANCED_FACE('',(#1499),#1585,.F.);
#2245=ADVANCED_FACE('',(#1500),#1586,.F.);
#2246=ADVANCED_FACE('',(#1501),#1587,.F.);
#2247=ADVANCED_FACE('',(#1502),#1588,.F.);
#2248=ADVANCED_FACE('',(#1503),#1589,.F.);
#2249=ADVANCED_FACE('',(#1504),#1590,.F.);
#2250=ADVANCED_FACE('',(#1505),#1591,.T.);
#2251=ADVANCED_FACE('',(#1506),#1592,.T.);
#2252=ADVANCED_FACE('',(#1507),#1593,.T.);
#2253=ADVANCED_FACE('',(#1508),#1594,.T.);
#2254=ADVANCED_FACE('',(#1509),#1595,.T.);
#2255=ADVANCED_FACE('',(#1510),#1596,.T.);
#2256=ADVANCED_FACE('',(#1511),#1597,.F.);
#2257=ADVANCED_FACE('',(#1512),#1598,.F.);
#2258=ADVANCED_FACE('',(#1513),#1599,.F.);
#2259=ADVANCED_FACE('',(#1514),#1600,.F.);
#2260=ADVANCED_FACE('',(#1515),#1601,.F.);
#2261=ADVANCED_FACE('',(#1516,#1517),#1602,.T.);
#2262=ADVANCED_FACE('',(#1518),#1603,.F.);
#2263=ADVANCED_FACE('',(#1519),#1604,.F.);
#2264=ADVANCED_FACE('',(#1520),#1605,.F.);
#2265=ADVANCED_FACE('',(#1521),#1606,.F.);
#2266=ADVANCED_FACE('',(#1522),#1607,.F.);
#2267=ADVANCED_FACE('',(#1523),#1608,.T.);
#2268=ADVANCED_FACE('',(#1524),#1609,.T.);
#2269=ADVANCED_FACE('',(#1525),#1610,.T.);
#2270=ADVANCED_FACE('',(#1526),#1611,.T.);
#2271=ADVANCED_FACE('',(#1527),#1612,.T.);
#2272=ADVANCED_FACE('',(#1528),#1613,.T.);
#2273=ADVANCED_FACE('',(#1529),#1614,.F.);
#2274=ADVANCED_FACE('',(#1530),#20,.T.);
#2275=ADVANCED_FACE('',(#1531),#21,.T.);
#2276=ADVANCED_FACE('',(#1532),#22,.T.);
#2277=ADVANCED_FACE('',(#1533),#23,.T.);
#2278=ADVANCED_FACE('',(#1534),#24,.T.);
#2279=ADVANCED_FACE('',(#1535),#25,.T.);
#2280=ADVANCED_FACE('',(#1536),#26,.T.);
#2281=ADVANCED_FACE('',(#1537),#27,.T.);
#2282=ADVANCED_FACE('',(#1538),#28,.T.);
#2283=ADVANCED_FACE('',(#1539),#29,.T.);
#2284=ADVANCED_FACE('',(#1540),#30,.T.);
#2285=ADVANCED_FACE('',(#1541),#31,.T.);
#2286=ADVANCED_FACE('',(#1542),#32,.T.);
#2287=ADVANCED_FACE('',(#1543),#33,.T.);
#2288=ADVANCED_FACE('',(#1544),#34,.T.);
#2289=ADVANCED_FACE('',(#1545,#1546),#35,.F.);
#2290=ADVANCED_FACE('',(#1547),#1615,.F.);
#2291=CLOSED_SHELL('',(#2207,#2208,#2209,#2210,#2211,#2212,#2213,#2214,
#2215,#2216,#2217,#2218,#2219,#2220,#2221,#2222,#2223,#2224,#2225,#2226,
#2227,#2228,#2229,#2230,#2231,#2232,#2233,#2234,#2235,#2236,#2237,#2238,
#2239,#2240,#2241,#2242,#2243,#2244,#2245,#2246,#2247,#2248,#2249,#2250,
#2251,#2252,#2253,#2254,#2255,#2256,#2257,#2258,#2259,#2260,#2261,#2262,
#2263,#2264,#2265,#2266,#2267,#2268,#2269,#2270,#2271,#2272,#2273,#2274,
#2275,#2276,#2277,#2278,#2279,#2280,#2281,#2282,#2283,#2284,#2285,#2286,
#2287,#2288,#2289,#2290));
#2292=MANIFOLD_SOLID_BREP('',#2291);
#2293=SHAPE_DEFINITION_REPRESENTATION(#3351,#2294);
#2294=SHAPE_REPRESENTATION('SLP2510P8',(#2295),#3346);
#2295=AXIS2_PLACEMENT_3D('',#2856,#2412,#2413);
#2296=AXIS2_PLACEMENT_3D('',#2857,#2414,#2415);
#2297=AXIS2_PLACEMENT_3D('',#2866,#2420,#2421);
#2298=AXIS2_PLACEMENT_3D('',#2875,#2426,#2427);
#2299=AXIS2_PLACEMENT_3D('',#2876,#2428,#2429);
#2300=AXIS2_PLACEMENT_3D('',#2883,#2433,#2434);
#2301=AXIS2_PLACEMENT_3D('',#2887,#2436,#2437);
#2302=AXIS2_PLACEMENT_3D('',#2907,#2447,#2448);
#2303=AXIS2_PLACEMENT_3D('',#2911,#2450,#2451);
#2304=AXIS2_PLACEMENT_3D('',#2919,#2455,#2456);
#2305=AXIS2_PLACEMENT_3D('',#2923,#2458,#2459);
#2306=AXIS2_PLACEMENT_3D('',#2939,#2467,#2468);
#2307=AXIS2_PLACEMENT_3D('',#2943,#2470,#2471);
#2308=AXIS2_PLACEMENT_3D('',#2951,#2475,#2476);
#2309=AXIS2_PLACEMENT_3D('',#2955,#2478,#2479);
#2310=AXIS2_PLACEMENT_3D('',#2967,#2485,#2486);
#2311=AXIS2_PLACEMENT_3D('',#2971,#2488,#2489);
#2312=AXIS2_PLACEMENT_3D('',#2979,#2493,#2494);
#2313=AXIS2_PLACEMENT_3D('',#2983,#2496,#2497);
#2314=AXIS2_PLACEMENT_3D('',#2990,#2501,#2502);
#2315=AXIS2_PLACEMENT_3D('',#2999,#2507,#2508);
#2316=AXIS2_PLACEMENT_3D('',#3006,#2513,#2514);
#2317=AXIS2_PLACEMENT_3D('',#3012,#2518,#2519);
#2318=AXIS2_PLACEMENT_3D('',#3019,#2524,#2525);
#2319=AXIS2_PLACEMENT_3D('',#3021,#2527,#2528);
#2320=AXIS2_PLACEMENT_3D('',#3022,#2529,#2530);
#2321=AXIS2_PLACEMENT_3D('',#3023,#2531,#2532);
#2322=AXIS2_PLACEMENT_3D('',#3024,#2533,#2534);
#2323=AXIS2_PLACEMENT_3D('',#3030,#2538,#2539);
#2324=AXIS2_PLACEMENT_3D('',#3038,#2544,#2545);
#2325=AXIS2_PLACEMENT_3D('',#3046,#2550,#2551);
#2326=AXIS2_PLACEMENT_3D('',#3049,#2554,#2555);
#2327=AXIS2_PLACEMENT_3D('',#3051,#2557,#2558);
#2328=AXIS2_PLACEMENT_3D('',#3052,#2559,#2560);
#2329=AXIS2_PLACEMENT_3D('',#3061,#2565,#2566);
#2330=AXIS2_PLACEMENT_3D('',#3068,#2571,#2572);
#2331=AXIS2_PLACEMENT_3D('',#3074,#2576,#2577);
#2332=AXIS2_PLACEMENT_3D('',#3081,#2582,#2583);
#2333=AXIS2_PLACEMENT_3D('',#3083,#2585,#2586);
#2334=AXIS2_PLACEMENT_3D('',#3084,#2587,#2588);
#2335=AXIS2_PLACEMENT_3D('',#3085,#2589,#2590);
#2336=AXIS2_PLACEMENT_3D('',#3086,#2591,#2592);
#2337=AXIS2_PLACEMENT_3D('',#3092,#2596,#2597);
#2338=AXIS2_PLACEMENT_3D('',#3102,#2603,#2604);
#2339=AXIS2_PLACEMENT_3D('',#3112,#2610,#2611);
#2340=AXIS2_PLACEMENT_3D('',#3115,#2614,#2615);
#2341=AXIS2_PLACEMENT_3D('',#3117,#2617,#2618);
#2342=AXIS2_PLACEMENT_3D('',#3118,#2619,#2620);
#2343=AXIS2_PLACEMENT_3D('',#3119,#2621,#2622);
#2344=AXIS2_PLACEMENT_3D('',#3120,#2623,#2624);
#2345=AXIS2_PLACEMENT_3D('',#3129,#2629,#2630);
#2346=AXIS2_PLACEMENT_3D('',#3136,#2635,#2636);
#2347=AXIS2_PLACEMENT_3D('',#3140,#2639,#2640);
#2348=AXIS2_PLACEMENT_3D('',#3145,#2644,#2645);
#2349=AXIS2_PLACEMENT_3D('',#3147,#2647,#2648);
#2350=AXIS2_PLACEMENT_3D('',#3148,#2649,#2650);
#2351=AXIS2_PLACEMENT_3D('',#3156,#2655,#2656);
#2352=AXIS2_PLACEMENT_3D('',#3164,#2661,#2662);
#2353=AXIS2_PLACEMENT_3D('',#3167,#2665,#2666);
#2354=AXIS2_PLACEMENT_3D('',#3169,#2668,#2669);
#2355=AXIS2_PLACEMENT_3D('',#3170,#2670,#2671);
#2356=AXIS2_PLACEMENT_3D('',#3171,#2672,#2673);
#2357=AXIS2_PLACEMENT_3D('',#3180,#2678,#2679);
#2358=AXIS2_PLACEMENT_3D('',#3187,#2684,#2685);
#2359=AXIS2_PLACEMENT_3D('',#3193,#2689,#2690);
#2360=AXIS2_PLACEMENT_3D('',#3200,#2695,#2696);
#2361=AXIS2_PLACEMENT_3D('',#3202,#2698,#2699);
#2362=AXIS2_PLACEMENT_3D('',#3203,#2700,#2701);
#2363=AXIS2_PLACEMENT_3D('',#3204,#2702,#2703);
#2364=AXIS2_PLACEMENT_3D('',#3205,#2704,#2705);
#2365=AXIS2_PLACEMENT_3D('',#3211,#2709,#2710);
#2366=AXIS2_PLACEMENT_3D('',#3221,#2716,#2717);
#2367=AXIS2_PLACEMENT_3D('',#3231,#2723,#2724);
#2368=AXIS2_PLACEMENT_3D('',#3234,#2727,#2728);
#2369=AXIS2_PLACEMENT_3D('',#3236,#2730,#2731);
#2370=AXIS2_PLACEMENT_3D('',#3237,#2732,#2733);
#2371=AXIS2_PLACEMENT_3D('',#3238,#2734,#2735);
#2372=AXIS2_PLACEMENT_3D('',#3239,#2736,#2737);
#2373=AXIS2_PLACEMENT_3D('',#3250,#2744,#2745);
#2374=AXIS2_PLACEMENT_3D('',#3254,#2748,#2749);
#2375=AXIS2_PLACEMENT_3D('',#3263,#2755,#2756);
#2376=AXIS2_PLACEMENT_3D('',#3265,#2758,#2759);
#2377=AXIS2_PLACEMENT_3D('',#3266,#2760,#2761);
#2378=AXIS2_PLACEMENT_3D('',#3268,#2762,#2763);
#2379=AXIS2_PLACEMENT_3D('',#3274,#2767,#2768);
#2380=AXIS2_PLACEMENT_3D('',#3280,#2772,#2773);
#2381=AXIS2_PLACEMENT_3D('',#3286,#2777,#2778);
#2382=AXIS2_PLACEMENT_3D('',#3292,#2782,#2783);
#2383=AXIS2_PLACEMENT_3D('',#3294,#2785,#2786);
#2384=AXIS2_PLACEMENT_3D('',#3295,#2787,#2788);
#2385=AXIS2_PLACEMENT_3D('',#3296,#2789,#2790);
#2386=AXIS2_PLACEMENT_3D('',#3297,#2791,#2792);
#2387=AXIS2_PLACEMENT_3D('',#3303,#2796,#2797);
#2388=AXIS2_PLACEMENT_3D('',#3311,#2802,#2803);
#2389=AXIS2_PLACEMENT_3D('',#3319,#2808,#2809);
#2390=AXIS2_PLACEMENT_3D('',#3321,#2811,#2812);
#2391=AXIS2_PLACEMENT_3D('',#3323,#2814,#2815);
#2392=AXIS2_PLACEMENT_3D('',#3324,#2816,#2817);
#2393=AXIS2_PLACEMENT_3D('',#3325,#2818,#2819);
#2394=AXIS2_PLACEMENT_3D('',#3326,#2820,#2821);
#2395=AXIS2_PLACEMENT_3D('',#3327,#2822,#2823);
#2396=AXIS2_PLACEMENT_3D('',#3328,#2824,#2825);
#2397=AXIS2_PLACEMENT_3D('',#3329,#2826,#2827);
#2398=AXIS2_PLACEMENT_3D('',#3330,#2828,#2829);
#2399=AXIS2_PLACEMENT_3D('',#3331,#2830,#2831);
#2400=AXIS2_PLACEMENT_3D('',#3332,#2832,#2833);
#2401=AXIS2_PLACEMENT_3D('',#3333,#2834,#2835);
#2402=AXIS2_PLACEMENT_3D('',#3334,#2836,#2837);
#2403=AXIS2_PLACEMENT_3D('',#3335,#2838,#2839);
#2404=AXIS2_PLACEMENT_3D('',#3336,#2840,#2841);
#2405=AXIS2_PLACEMENT_3D('',#3337,#2842,#2843);
#2406=AXIS2_PLACEMENT_3D('',#3338,#2844,#2845);
#2407=AXIS2_PLACEMENT_3D('',#3339,#2846,#2847);
#2408=AXIS2_PLACEMENT_3D('',#3340,#2848,#2849);
#2409=AXIS2_PLACEMENT_3D('',#3341,#2850,#2851);
#2410=AXIS2_PLACEMENT_3D('',#3342,#2852,#2853);
#2411=AXIS2_PLACEMENT_3D('',#3344,#2854,#2855);
#2412=DIRECTION('',(0.,0.,1.));
#2413=DIRECTION('',(1.,0.,0.));
#2414=DIRECTION('',(2.03287907341032E-16,-1.,0.));
#2415=DIRECTION('',(1.,2.03287907341032E-16,0.));
#2416=DIRECTION('',(1.,2.03287907341032E-16,0.));
#2417=DIRECTION('',(0.,0.,-1.));
#2418=DIRECTION('',(1.,2.03287907341032E-16,0.));
#2419=DIRECTION('',(0.,0.,1.));
#2420=DIRECTION('',(2.03287907341032E-16,-1.,0.));
#2421=DIRECTION('',(1.,2.03287907341032E-16,0.));
#2422=DIRECTION('',(1.,2.03287907341032E-16,0.));
#2423=DIRECTION('',(0.,0.,-1.));
#2424=DIRECTION('',(1.,2.03287907341032E-16,0.));
#2425=DIRECTION('',(0.,0.,1.));
#2426=DIRECTION('',(0.,0.,1.));
#2427=DIRECTION('',(1.,0.,0.));
#2428=DIRECTION('',(0.,0.,1.));
#2429=DIRECTION('',(-1.,-2.37169225231204E-16,0.));
#2430=DIRECTION('',(5.59740610416167E-16,1.,0.));
#2431=DIRECTION('',(-1.,0.,0.));
#2432=DIRECTION('',(5.59740610416167E-16,-1.,0.));
#2433=DIRECTION('',(0.,0.,1.));
#2434=DIRECTION('',(1.,0.,0.));
#2435=DIRECTION('',(1.,2.03287907341032E-16,0.));
#2436=DIRECTION('',(0.,0.,1.));
#2437=DIRECTION('',(1.,0.,0.));
#2438=DIRECTION('',(5.59740610416167E-16,1.,0.));
#2439=DIRECTION('',(-1.,0.,0.));
#2440=DIRECTION('',(5.59740610416167E-16,-1.,0.));
#2441=DIRECTION('',(1.,2.03287907341032E-16,0.));
#2442=DIRECTION('',(5.59740610416167E-16,1.,0.));
#2443=DIRECTION('',(-1.,0.,0.));
#2444=DIRECTION('',(0.,1.,0.));
#2445=DIRECTION('',(1.,0.,0.));
#2446=DIRECTION('',(5.59740610416167E-16,-1.,0.));
#2447=DIRECTION('',(0.,0.,1.));
#2448=DIRECTION('',(1.,0.,0.));
#2449=DIRECTION('',(1.,-2.03287907341032E-16,0.));
#2450=DIRECTION('',(0.,0.,1.));
#2451=DIRECTION('',(1.,0.,0.));
#2452=DIRECTION('',(5.59740610416167E-16,1.,0.));
#2453=DIRECTION('',(1.,0.,0.));
#2454=DIRECTION('',(5.59740610416167E-16,-1.,0.));
#2455=DIRECTION('',(0.,0.,1.));
#2456=DIRECTION('',(1.,0.,0.));
#2457=DIRECTION('',(1.,-2.03287907341032E-16,0.));
#2458=DIRECTION('',(0.,0.,1.));
#2459=DIRECTION('',(1.,0.,0.));
#2460=DIRECTION('',(5.59740610416167E-16,1.,0.));
#2461=DIRECTION('',(1.,0.,0.));
#2462=DIRECTION('',(5.59740610416167E-16,-1.,0.));
#2463=DIRECTION('',(1.,-2.03287907341032E-16,0.));
#2464=DIRECTION('',(5.59740610416167E-16,1.,0.));
#2465=DIRECTION('',(1.,0.,0.));
#2466=DIRECTION('',(5.59740610416167E-16,-1.,0.));
#2467=DIRECTION('',(0.,0.,1.));
#2468=DIRECTION('',(1.,0.,0.));
#2469=DIRECTION('',(1.,-2.03287907341032E-16,0.));
#2470=DIRECTION('',(0.,0.,1.));
#2471=DIRECTION('',(1.,0.,0.));
#2472=DIRECTION('',(5.59740610416167E-16,1.,0.));
#2473=DIRECTION('',(1.,0.,0.));
#2474=DIRECTION('',(5.59740610416167E-16,-1.,0.));
#2475=DIRECTION('',(0.,0.,1.));
#2476=DIRECTION('',(1.,0.,0.));
#2477=DIRECTION('',(1.,-2.03287907341032E-16,0.));
#2478=DIRECTION('',(0.,0.,1.));
#2479=DIRECTION('',(1.,0.,0.));
#2480=DIRECTION('',(5.59740610416167E-16,1.,0.));
#2481=DIRECTION('',(1.,0.,0.));
#2482=DIRECTION('',(0.,-1.,0.));
#2483=DIRECTION('',(-1.,0.,0.));
#2484=DIRECTION('',(5.59740610416167E-16,-1.,0.));
#2485=DIRECTION('',(0.,0.,1.));
#2486=DIRECTION('',(1.,0.,0.));
#2487=DIRECTION('',(1.,2.03287907341032E-16,0.));
#2488=DIRECTION('',(0.,0.,1.));
#2489=DIRECTION('',(1.,0.,0.));
#2490=DIRECTION('',(5.59740610416167E-16,1.,0.));
#2491=DIRECTION('',(-1.,0.,0.));
#2492=DIRECTION('',(5.59740610416167E-16,-1.,0.));
#2493=DIRECTION('',(0.,0.,1.));
#2494=DIRECTION('',(1.,0.,0.));
#2495=DIRECTION('',(1.,2.03287907341032E-16,0.));
#2496=DIRECTION('',(0.,0.,1.));
#2497=DIRECTION('',(1.,0.,0.));
#2498=DIRECTION('',(5.59740610416167E-16,1.,0.));
#2499=DIRECTION('',(-1.,0.,0.));
#2500=DIRECTION('',(5.59740610416167E-16,-1.,0.));
#2501=DIRECTION('',(0.,0.,-1.));
#2502=DIRECTION('',(-1.,0.,0.));
#2503=DIRECTION('',(5.59740610416167E-16,-1.,0.));
#2504=DIRECTION('',(-1.,0.,0.));
#2505=DIRECTION('',(5.59740610416167E-16,1.,0.));
#2506=DIRECTION('',(-1.,0.,0.));
#2507=DIRECTION('',(1.,-5.59740610416167E-16,0.));
#2508=DIRECTION('',(5.59740610416167E-16,1.,0.));
#2509=DIRECTION('',(0.,0.,1.));
#2510=DIRECTION('',(5.59740610416167E-16,1.,0.));
#2511=DIRECTION('',(0.,0.,1.));
#2512=DIRECTION('',(0.,0.,-1.));
#2513=DIRECTION('',(-2.03287907341032E-16,-1.,0.));
#2514=DIRECTION('',(1.,-2.03287907341032E-16,0.));
#2515=DIRECTION('',(1.,-2.03287907341032E-16,0.));
#2516=DIRECTION('',(0.,0.,1.));
#2517=DIRECTION('',(0.,0.,1.));
#2518=DIRECTION('',(-1.,-5.59740610416167E-16,0.));
#2519=DIRECTION('',(5.59740610416167E-16,-1.,0.));
#2520=DIRECTION('',(5.59740610416167E-16,-1.,0.));
#2521=DIRECTION('',(0.,0.,1.));
#2522=DIRECTION('',(0.,0.,1.));
#2523=DIRECTION('',(0.,0.,1.));
#2524=DIRECTION('',(0.,1.,0.));
#2525=DIRECTION('',(0.,0.,1.));
#2526=DIRECTION('',(-1.,0.,0.));
#2527=DIRECTION('',(0.,0.,-1.));
#2528=DIRECTION('',(-1.,0.,0.));
#2529=DIRECTION('',(0.,0.,-1.));
#2530=DIRECTION('',(-1.,0.,0.));
#2531=DIRECTION('',(0.,0.,-1.));
#2532=DIRECTION('',(-1.,0.,0.));
#2533=DIRECTION('',(2.03287907341032E-16,-1.,0.));
#2534=DIRECTION('',(1.,2.03287907341032E-16,0.));
#2535=DIRECTION('',(0.,0.,1.));
#2536=DIRECTION('',(1.,2.03287907341032E-16,0.));
#2537=DIRECTION('',(0.,0.,1.));
#2538=DIRECTION('',(-1.,-5.59740610416167E-16,0.));
#2539=DIRECTION('',(5.59740610416167E-16,-1.,0.));
#2540=DIRECTION('',(5.59740610416167E-16,-1.,0.));
#2541=DIRECTION('',(0.,0.,-1.));
#2542=DIRECTION('',(5.59740610416167E-16,-1.,0.));
#2543=DIRECTION('',(0.,0.,1.));
#2544=DIRECTION('',(1.,-5.59740610416167E-16,0.));
#2545=DIRECTION('',(5.59740610416167E-16,1.,0.));
#2546=DIRECTION('',(5.59740610416167E-16,1.,0.));
#2547=DIRECTION('',(0.,0.,1.));
#2548=DIRECTION('',(5.59740610416167E-16,1.,0.));
#2549=DIRECTION('',(0.,0.,1.));
#2550=DIRECTION('',(0.,0.,1.));
#2551=DIRECTION('',(1.,0.,0.));
#2552=DIRECTION('',(-1.,0.,0.));
#2553=DIRECTION('',(-1.,0.,0.));
#2554=DIRECTION('',(0.,1.,0.));
#2555=DIRECTION('',(0.,0.,1.));
#2556=DIRECTION('',(-1.,0.,0.));
#2557=DIRECTION('',(0.,0.,1.));
#2558=DIRECTION('',(1.,0.,0.));
#2559=DIRECTION('',(0.,0.,-1.));
#2560=DIRECTION('',(-1.,0.,0.));
#2561=DIRECTION('',(5.59740610416167E-16,-1.,0.));
#2562=DIRECTION('',(-1.,0.,0.));
#2563=DIRECTION('',(5.59740610416167E-16,1.,0.));
#2564=DIRECTION('',(-1.,0.,0.));
#2565=DIRECTION('',(1.,-5.59740610416167E-16,0.));
#2566=DIRECTION('',(5.59740610416167E-16,1.,0.));
#2567=DIRECTION('',(0.,0.,1.));
#2568=DIRECTION('',(5.59740610416167E-16,1.,0.));
#2569=DIRECTION('',(0.,0.,1.));
#2570=DIRECTION('',(0.,0.,-1.));
#2571=DIRECTION('',(-2.03287907341032E-16,-1.,0.));
#2572=DIRECTION('',(1.,-2.03287907341032E-16,0.));
#2573=DIRECTION('',(1.,-2.03287907341032E-16,0.));
#2574=DIRECTION('',(0.,0.,1.));
#2575=DIRECTION('',(0.,0.,1.));
#2576=DIRECTION('',(-1.,-5.59740610416167E-16,0.));
#2577=DIRECTION('',(5.59740610416167E-16,-1.,0.));
#2578=DIRECTION('',(5.59740610416167E-16,-1.,0.));
#2579=DIRECTION('',(0.,0.,1.));
#2580=DIRECTION('',(0.,0.,1.));
#2581=DIRECTION('',(0.,0.,1.));
#2582=DIRECTION('',(0.,1.,0.));
#2583=DIRECTION('',(0.,0.,1.));
#2584=DIRECTION('',(-1.,0.,0.));
#2585=DIRECTION('',(0.,0.,-1.));
#2586=DIRECTION('',(-1.,0.,0.));
#2587=DIRECTION('',(0.,0.,-1.));
#2588=DIRECTION('',(-1.,0.,0.));
#2589=DIRECTION('',(0.,0.,-1.));
#2590=DIRECTION('',(-1.,0.,0.));
#2591=DIRECTION('',(2.03287907341032E-16,-1.,0.));
#2592=DIRECTION('',(1.,2.03287907341032E-16,0.));
#2593=DIRECTION('',(0.,0.,1.));
#2594=DIRECTION('',(1.,2.03287907341032E-16,0.));
#2595=DIRECTION('',(0.,0.,1.));
#2596=DIRECTION('',(-1.,-5.59740610416167E-16,0.));
#2597=DIRECTION('',(5.59740610416167E-16,-1.,0.));
#2598=DIRECTION('',(5.59740610416167E-16,-1.,0.));
#2599=DIRECTION('',(0.,0.,1.));
#2600=DIRECTION('',(0.,0.,-1.));
#2601=DIRECTION('',(5.59740610416167E-16,-1.,0.));
#2602=DIRECTION('',(0.,0.,1.));
#2603=DIRECTION('',(1.,-5.59740610416167E-16,0.));
#2604=DIRECTION('',(5.59740610416167E-16,1.,0.));
#2605=DIRECTION('',(0.,0.,1.));
#2606=DIRECTION('',(5.59740610416167E-16,1.,0.));
#2607=DIRECTION('',(0.,0.,1.));
#2608=DIRECTION('',(5.59740610416167E-16,1.,0.));
#2609=DIRECTION('',(0.,0.,1.));
#2610=DIRECTION('',(0.,0.,1.));
#2611=DIRECTION('',(1.,0.,0.));
#2612=DIRECTION('',(-1.,0.,0.));
#2613=DIRECTION('',(-1.,0.,0.));
#2614=DIRECTION('',(0.,1.,0.));
#2615=DIRECTION('',(0.,0.,1.));
#2616=DIRECTION('',(-1.,0.,0.));
#2617=DIRECTION('',(0.,0.,1.));
#2618=DIRECTION('',(1.,0.,0.));
#2619=DIRECTION('',(0.,0.,1.));
#2620=DIRECTION('',(1.,0.,0.));
#2621=DIRECTION('',(0.,0.,1.));
#2622=DIRECTION('',(1.,0.,0.));
#2623=DIRECTION('',(0.,0.,-1.));
#2624=DIRECTION('',(-1.,0.,0.));
#2625=DIRECTION('',(5.59740610416167E-16,-1.,0.));
#2626=DIRECTION('',(-1.,0.,0.));
#2627=DIRECTION('',(5.59740610416167E-16,1.,0.));
#2628=DIRECTION('',(-1.,0.,0.));
#2629=DIRECTION('',(1.,-5.59740610416167E-16,0.));
#2630=DIRECTION('',(5.59740610416167E-16,1.,0.));
#2631=DIRECTION('',(0.,0.,-1.));
#2632=DIRECTION('',(0.,0.,1.));
#2633=DIRECTION('',(5.59740610416167E-16,1.,0.));
#2634=DIRECTION('',(0.,0.,1.));
#2635=DIRECTION('',(-2.03287907341032E-16,-1.,0.));
#2636=DIRECTION('',(1.,-2.03287907341032E-16,0.));
#2637=DIRECTION('',(0.,0.,1.));
#2638=DIRECTION('',(1.,-2.03287907341032E-16,0.));
#2639=DIRECTION('',(-1.,-5.59740610416167E-16,0.));
#2640=DIRECTION('',(5.59740610416167E-16,-1.,0.));
#2641=DIRECTION('',(0.,0.,1.));
#2642=DIRECTION('',(0.,0.,1.));
#2643=DIRECTION('',(5.59740610416167E-16,-1.,0.));
#2644=DIRECTION('',(0.,1.,0.));
#2645=DIRECTION('',(0.,0.,1.));
#2646=DIRECTION('',(-1.,0.,0.));
#2647=DIRECTION('',(0.,0.,-1.));
#2648=DIRECTION('',(-1.,0.,0.));
#2649=DIRECTION('',(-1.,-5.59740610416167E-16,0.));
#2650=DIRECTION('',(5.59740610416167E-16,-1.,0.));
#2651=DIRECTION('',(0.,0.,-1.));
#2652=DIRECTION('',(5.59740610416167E-16,-1.,0.));
#2653=DIRECTION('',(0.,0.,1.));
#2654=DIRECTION('',(5.59740610416167E-16,-1.,0.));
#2655=DIRECTION('',(1.,-5.59740610416167E-16,0.));
#2656=DIRECTION('',(5.59740610416167E-16,1.,0.));
#2657=DIRECTION('',(5.59740610416167E-16,1.,0.));
#2658=DIRECTION('',(0.,0.,1.));
#2659=DIRECTION('',(5.59740610416167E-16,1.,0.));
#2660=DIRECTION('',(0.,0.,1.));
#2661=DIRECTION('',(0.,0.,1.));
#2662=DIRECTION('',(1.,0.,0.));
#2663=DIRECTION('',(-1.,0.,0.));
#2664=DIRECTION('',(-1.,0.,0.));
#2665=DIRECTION('',(0.,1.,0.));
#2666=DIRECTION('',(0.,0.,1.));
#2667=DIRECTION('',(-1.,0.,0.));
#2668=DIRECTION('',(0.,0.,1.));
#2669=DIRECTION('',(1.,0.,0.));
#2670=DIRECTION('',(0.,0.,1.));
#2671=DIRECTION('',(-1.,-2.37169225231204E-16,0.));
#2672=DIRECTION('',(0.,0.,-1.));
#2673=DIRECTION('',(-1.,0.,0.));
#2674=DIRECTION('',(5.59740610416167E-16,-1.,0.));
#2675=DIRECTION('',(-1.,0.,0.));
#2676=DIRECTION('',(5.59740610416167E-16,1.,0.));
#2677=DIRECTION('',(-1.,0.,0.));
#2678=DIRECTION('',(1.,-5.59740610416167E-16,0.));
#2679=DIRECTION('',(5.59740610416167E-16,1.,0.));
#2680=DIRECTION('',(0.,0.,1.));
#2681=DIRECTION('',(5.59740610416167E-16,1.,0.));
#2682=DIRECTION('',(0.,0.,1.));
#2683=DIRECTION('',(0.,0.,-1.));
#2684=DIRECTION('',(-2.03287907341032E-16,-1.,0.));
#2685=DIRECTION('',(1.,-2.03287907341032E-16,0.));
#2686=DIRECTION('',(0.,0.,1.));
#2687=DIRECTION('',(1.,-2.03287907341032E-16,0.));
#2688=DIRECTION('',(0.,0.,1.));
#2689=DIRECTION('',(-1.,-5.59740610416167E-16,0.));
#2690=DIRECTION('',(5.59740610416167E-16,-1.,0.));
#2691=DIRECTION('',(5.59740610416167E-16,-1.,0.));
#2692=DIRECTION('',(0.,0.,1.));
#2693=DIRECTION('',(0.,0.,1.));
#2694=DIRECTION('',(0.,0.,1.));
#2695=DIRECTION('',(0.,1.,0.));
#2696=DIRECTION('',(0.,0.,1.));
#2697=DIRECTION('',(-1.,0.,0.));
#2698=DIRECTION('',(0.,0.,-1.));
#2699=DIRECTION('',(-1.,0.,0.));
#2700=DIRECTION('',(0.,0.,-1.));
#2701=DIRECTION('',(-1.,0.,0.));
#2702=DIRECTION('',(0.,0.,-1.));
#2703=DIRECTION('',(-1.,0.,0.));
#2704=DIRECTION('',(2.03287907341032E-16,-1.,0.));
#2705=DIRECTION('',(1.,2.03287907341032E-16,0.));
#2706=DIRECTION('',(1.,2.03287907341032E-16,0.));
#2707=DIRECTION('',(0.,0.,1.));
#2708=DIRECTION('',(0.,0.,1.));
#2709=DIRECTION('',(-1.,-5.59740610416167E-16,0.));
#2710=DIRECTION('',(5.59740610416167E-16,-1.,0.));
#2711=DIRECTION('',(5.59740610416167E-16,-1.,0.));
#2712=DIRECTION('',(0.,0.,1.));
#2713=DIRECTION('',(0.,0.,-1.));
#2714=DIRECTION('',(5.59740610416167E-16,-1.,0.));
#2715=DIRECTION('',(0.,0.,1.));
#2716=DIRECTION('',(1.,-5.59740610416167E-16,0.));
#2717=DIRECTION('',(5.59740610416167E-16,1.,0.));
#2718=DIRECTION('',(0.,0.,1.));
#2719=DIRECTION('',(5.59740610416167E-16,1.,0.));
#2720=DIRECTION('',(0.,0.,1.));
#2721=DIRECTION('',(5.59740610416167E-16,1.,0.));
#2722=DIRECTION('',(0.,0.,1.));
#2723=DIRECTION('',(0.,0.,1.));
#2724=DIRECTION('',(1.,0.,0.));
#2725=DIRECTION('',(-1.,0.,0.));
#2726=DIRECTION('',(-1.,0.,0.));
#2727=DIRECTION('',(0.,1.,0.));
#2728=DIRECTION('',(0.,0.,1.));
#2729=DIRECTION('',(-1.,0.,0.));
#2730=DIRECTION('',(0.,0.,1.));
#2731=DIRECTION('',(1.,0.,0.));
#2732=DIRECTION('',(0.,0.,1.));
#2733=DIRECTION('',(1.,0.,0.));
#2734=DIRECTION('',(0.,0.,1.));
#2735=DIRECTION('',(1.,0.,0.));
#2736=DIRECTION('',(0.,1.,0.));
#2737=DIRECTION('',(0.,0.,1.));
#2738=DIRECTION('',(0.,0.,-1.));
#2739=DIRECTION('',(1.,0.,0.));
#2740=DIRECTION('',(0.,0.,-1.));
#2741=DIRECTION('',(0.,0.,-1.));
#2742=DIRECTION('',(-1.,0.,0.));
#2743=DIRECTION('',(0.,0.,1.));
#2744=DIRECTION('',(-1.,0.,0.));
#2745=DIRECTION('',(0.,0.,1.));
#2746=DIRECTION('',(0.,0.,-1.));
#2747=DIRECTION('',(0.,1.,0.));
#2748=DIRECTION('',(0.,-1.,0.));
#2749=DIRECTION('',(0.,0.,-1.));
#2750=DIRECTION('',(0.,0.,1.));
#2751=DIRECTION('',(-1.,0.,0.));
#2752=DIRECTION('',(0.,0.,-1.));
#2753=DIRECTION('',(0.,0.,-1.));
#2754=DIRECTION('',(-1.,0.,0.));
#2755=DIRECTION('',(1.,0.,0.));
#2756=DIRECTION('',(0.,0.,-1.));
#2757=DIRECTION('',(0.,-1.,0.));
#2758=DIRECTION('',(0.,0.,1.));
#2759=DIRECTION('',(1.,0.,0.));
#2760=DIRECTION('',(0.,0.,-1.));
#2761=DIRECTION('',(-1.,0.,0.));
#2762=DIRECTION('',(0.,0.,-1.));
#2763=DIRECTION('',(-1.,0.,0.));
#2764=DIRECTION('',(5.59740610416167E-16,-1.,0.));
#2765=DIRECTION('',(5.59740610416167E-16,1.,0.));
#2766=DIRECTION('',(-1.,0.,0.));
#2767=DIRECTION('',(1.,-5.59740610416167E-16,0.));
#2768=DIRECTION('',(5.59740610416167E-16,1.,0.));
#2769=DIRECTION('',(0.,0.,1.));
#2770=DIRECTION('',(5.59740610416167E-16,1.,0.));
#2771=DIRECTION('',(0.,0.,1.));
#2772=DIRECTION('',(-2.03287907341032E-16,-1.,0.));
#2773=DIRECTION('',(1.,-2.03287907341032E-16,0.));
#2774=DIRECTION('',(1.,-2.03287907341032E-16,0.));
#2775=DIRECTION('',(0.,0.,1.));
#2776=DIRECTION('',(0.,0.,1.));
#2777=DIRECTION('',(-1.,-5.59740610416167E-16,0.));
#2778=DIRECTION('',(5.59740610416167E-16,-1.,0.));
#2779=DIRECTION('',(5.59740610416167E-16,-1.,0.));
#2780=DIRECTION('',(0.,0.,1.));
#2781=DIRECTION('',(0.,0.,1.));
#2782=DIRECTION('',(0.,1.,0.));
#2783=DIRECTION('',(0.,0.,1.));
#2784=DIRECTION('',(-1.,0.,0.));
#2785=DIRECTION('',(0.,0.,-1.));
#2786=DIRECTION('',(-1.,0.,0.));
#2787=DIRECTION('',(0.,0.,-1.));
#2788=DIRECTION('',(-1.,0.,0.));
#2789=DIRECTION('',(0.,0.,-1.));
#2790=DIRECTION('',(-1.,0.,0.));
#2791=DIRECTION('',(2.03287907341032E-16,-1.,0.));
#2792=DIRECTION('',(1.,2.03287907341032E-16,0.));
#2793=DIRECTION('',(1.,2.03287907341032E-16,0.));
#2794=DIRECTION('',(0.,0.,1.));
#2795=DIRECTION('',(0.,0.,1.));
#2796=DIRECTION('',(-1.,-5.59740610416167E-16,0.));
#2797=DIRECTION('',(5.59740610416167E-16,-1.,0.));
#2798=DIRECTION('',(5.59740610416167E-16,-1.,0.));
#2799=DIRECTION('',(0.,0.,1.));
#2800=DIRECTION('',(5.59740610416167E-16,-1.,0.));
#2801=DIRECTION('',(0.,0.,1.));
#2802=DIRECTION('',(1.,-5.59740610416167E-16,0.));
#2803=DIRECTION('',(5.59740610416167E-16,1.,0.));
#2804=DIRECTION('',(0.,0.,1.));
#2805=DIRECTION('',(5.59740610416167E-16,1.,0.));
#2806=DIRECTION('',(0.,0.,1.));
#2807=DIRECTION('',(5.59740610416167E-16,1.,0.));
#2808=DIRECTION('',(0.,0.,1.));
#2809=DIRECTION('',(1.,0.,0.));
#2810=DIRECTION('',(-1.,0.,0.));
#2811=DIRECTION('',(0.,1.,0.));
#2812=DIRECTION('',(0.,0.,1.));
#2813=DIRECTION('',(-1.,0.,0.));
#2814=DIRECTION('',(0.,0.,1.));
#2815=DIRECTION('',(1.,0.,0.));
#2816=DIRECTION('',(0.,0.,1.));
#2817=DIRECTION('',(1.,0.,0.));
#2818=DIRECTION('',(0.,0.,1.));
#2819=DIRECTION('',(1.,0.,0.));
#2820=DIRECTION('',(0.,0.,1.));
#2821=DIRECTION('',(1.,0.,0.));
#2822=DIRECTION('',(0.,0.,1.));
#2823=DIRECTION('',(1.,0.,0.));
#2824=DIRECTION('',(0.,0.,1.));
#2825=DIRECTION('',(1.,0.,0.));
#2826=DIRECTION('',(0.,0.,1.));
#2827=DIRECTION('',(1.,0.,0.));
#2828=DIRECTION('',(0.,0.,1.));
#2829=DIRECTION('',(1.,0.,0.));
#2830=DIRECTION('',(0.,0.,1.));
#2831=DIRECTION('',(1.,0.,0.));
#2832=DIRECTION('',(0.,0.,1.));
#2833=DIRECTION('',(1.,0.,0.));
#2834=DIRECTION('',(0.,0.,1.));
#2835=DIRECTION('',(1.,0.,0.));
#2836=DIRECTION('',(0.,0.,1.));
#2837=DIRECTION('',(1.,0.,0.));
#2838=DIRECTION('',(0.,0.,1.));
#2839=DIRECTION('',(1.,0.,0.));
#2840=DIRECTION('',(0.,0.,1.));
#2841=DIRECTION('',(1.,0.,0.));
#2842=DIRECTION('',(0.,0.,1.));
#2843=DIRECTION('',(1.,0.,0.));
#2844=DIRECTION('',(0.,0.,1.));
#2845=DIRECTION('',(1.,0.,0.));
#2846=DIRECTION('',(0.,0.,1.));
#2847=DIRECTION('',(1.,0.,0.));
#2848=DIRECTION('',(0.,0.,-1.));
#2849=DIRECTION('',(-1.,0.,0.));
#2850=DIRECTION('',(0.,0.,1.));
#2851=DIRECTION('',(1.,0.,0.));
#2852=DIRECTION('',(0.,0.,-1.));
#2853=DIRECTION('',(-1.,0.,0.));
#2854=DIRECTION('',(0.,0.,-1.));
#2855=DIRECTION('',(-1.,0.,0.));
#2856=CARTESIAN_POINT('',(0.,0.,0.));
#2857=CARTESIAN_POINT('',(-0.1,0.12,-0.13));
#2858=CARTESIAN_POINT('',(-0.1,0.12,-0.03));
#2859=CARTESIAN_POINT('',(-0.2,0.12,-0.03));
#2860=CARTESIAN_POINT('',(-0.125,0.12,-0.03));
#2861=CARTESIAN_POINT('',(-0.125,0.12,0.));
#2862=CARTESIAN_POINT('',(-0.125,0.12,0.));
#2863=CARTESIAN_POINT('',(1.,0.12,0.));
#2864=CARTESIAN_POINT('',(-0.2,0.12,0.));
#2865=CARTESIAN_POINT('',(-0.2,0.12,-0.13));
#2866=CARTESIAN_POINT('',(-0.1,0.12,-0.13));
#2867=CARTESIAN_POINT('',(1.,0.12,0.));
#2868=CARTESIAN_POINT('',(0.125,0.12,0.));
#2869=CARTESIAN_POINT('',(0.2,0.12,0.));
#2870=CARTESIAN_POINT('',(0.125,0.12,0.));
#2871=CARTESIAN_POINT('',(0.125,0.12,-0.03));
#2872=CARTESIAN_POINT('',(-0.1,0.12,-0.03));
#2873=CARTESIAN_POINT('',(0.2,0.12,-0.03));
#2874=CARTESIAN_POINT('',(0.2,0.12,-0.13));
#2875=CARTESIAN_POINT('',(0.,0.,0.));
#2876=CARTESIAN_POINT('',(1.10313530829346E-16,0.12,0.));
#2877=CARTESIAN_POINT('',(0.2,4.49556440750275E-16,0.));
#2878=CARTESIAN_POINT('',(0.2,0.5,0.));
#2879=CARTESIAN_POINT('',(1.25,0.5,0.));
#2880=CARTESIAN_POINT('',(0.4,0.5,0.));
#2881=CARTESIAN_POINT('',(0.4,-6.15714671457784E-16,0.));
#2882=CARTESIAN_POINT('',(0.4,0.201399426033124,0.));
#2883=CARTESIAN_POINT('',(0.481399426033124,0.201399426033124,0.));
#2884=CARTESIAN_POINT('',(0.481399426033124,0.12,0.));
#2885=CARTESIAN_POINT('',(1.5,0.12,0.));
#2886=CARTESIAN_POINT('',(0.518600573966876,0.12,0.));
#2887=CARTESIAN_POINT('',(0.518600573966876,0.201399426033124,0.));
#2888=CARTESIAN_POINT('',(0.6,0.201399426033124,0.));
#2889=CARTESIAN_POINT('',(0.6,5.03766549374551E-16,0.));
#2890=CARTESIAN_POINT('',(0.6,0.5,0.));
#2891=CARTESIAN_POINT('',(1.25,0.5,0.));
#2892=CARTESIAN_POINT('',(0.9,0.5,0.));
#2893=CARTESIAN_POINT('',(0.9,-6.15714671457784E-16,0.));
#2894=CARTESIAN_POINT('',(0.9,0.12,0.));
#2895=CARTESIAN_POINT('',(2.,0.12,0.));
#2896=CARTESIAN_POINT('',(1.1,0.12,0.));
#2897=CARTESIAN_POINT('',(1.1,5.03766549374551E-16,0.));
#2898=CARTESIAN_POINT('',(1.1,0.5,0.));
#2899=CARTESIAN_POINT('',(1.25,0.5,0.));
#2900=CARTESIAN_POINT('',(1.25,0.5,0.));
#2901=CARTESIAN_POINT('',(1.25,-0.5,0.));
#2902=CARTESIAN_POINT('',(1.25,-0.5,0.));
#2903=CARTESIAN_POINT('',(-1.25,-0.5,0.));
#2904=CARTESIAN_POINT('',(1.1,-0.5,0.));
#2905=CARTESIAN_POINT('',(1.1,-5.03766549374551E-16,0.));
#2906=CARTESIAN_POINT('',(1.1,-0.201399426033124,0.));
#2907=CARTESIAN_POINT('',(1.01860057396688,-0.201399426033124,0.));
#2908=CARTESIAN_POINT('',(1.01860057396688,-0.12,0.));
#2909=CARTESIAN_POINT('',(2.,-0.12,0.));
#2910=CARTESIAN_POINT('',(0.981399426033124,-0.12,0.));
#2911=CARTESIAN_POINT('',(0.981399426033124,-0.201399426033124,0.));
#2912=CARTESIAN_POINT('',(0.9,-0.201399426033124,0.));
#2913=CARTESIAN_POINT('',(0.9,6.15714671457784E-16,0.));
#2914=CARTESIAN_POINT('',(0.9,-0.5,0.));
#2915=CARTESIAN_POINT('',(-1.25,-0.5,0.));
#2916=CARTESIAN_POINT('',(0.6,-0.5,0.));
#2917=CARTESIAN_POINT('',(0.6,-5.03766549374551E-16,0.));
#2918=CARTESIAN_POINT('',(0.6,-0.201399426033124,0.));
#2919=CARTESIAN_POINT('',(0.518600573966876,-0.201399426033124,0.));
#2920=CARTESIAN_POINT('',(0.518600573966876,-0.12,0.));
#2921=CARTESIAN_POINT('',(1.5,-0.12,0.));
#2922=CARTESIAN_POINT('',(0.481399426033124,-0.12,0.));
#2923=CARTESIAN_POINT('',(0.481399426033124,-0.201399426033124,0.));
#2924=CARTESIAN_POINT('',(0.4,-0.201399426033124,0.));
#2925=CARTESIAN_POINT('',(0.4,6.15714671457784E-16,0.));
#2926=CARTESIAN_POINT('',(0.4,-0.5,0.));
#2927=CARTESIAN_POINT('',(-1.25,-0.5,0.));
#2928=CARTESIAN_POINT('',(0.2,-0.5,0.));
#2929=CARTESIAN_POINT('',(0.2,-4.49556440750275E-16,0.));
#2930=CARTESIAN_POINT('',(0.2,-0.12,0.));
#2931=CARTESIAN_POINT('',(1.,-0.12,0.));
#2932=CARTESIAN_POINT('',(-0.2,-0.12,0.));
#2933=CARTESIAN_POINT('',(-0.2,7.24134888706334E-16,0.));
#2934=CARTESIAN_POINT('',(-0.2,-0.5,0.));
#2935=CARTESIAN_POINT('',(-1.25,-0.5,0.));
#2936=CARTESIAN_POINT('',(-0.4,-0.5,0.));
#2937=CARTESIAN_POINT('',(-0.4,-5.03766549374551E-16,0.));
#2938=CARTESIAN_POINT('',(-0.4,-0.201399426033124,0.));
#2939=CARTESIAN_POINT('',(-0.481399426033124,-0.201399426033124,0.));
#2940=CARTESIAN_POINT('',(-0.481399426033124,-0.12,0.));
#2941=CARTESIAN_POINT('',(0.5,-0.12,0.));
#2942=CARTESIAN_POINT('',(-0.518600573966876,-0.12,0.));
#2943=CARTESIAN_POINT('',(-0.518600573966876,-0.201399426033124,0.));
#2944=CARTESIAN_POINT('',(-0.6,-0.201399426033124,0.));
#2945=CARTESIAN_POINT('',(-0.6,6.15714671457784E-16,0.));
#2946=CARTESIAN_POINT('',(-0.6,-0.5,0.));
#2947=CARTESIAN_POINT('',(-1.25,-0.5,0.));
#2948=CARTESIAN_POINT('',(-0.9,-0.5,0.));
#2949=CARTESIAN_POINT('',(-0.9,-5.03766549374551E-16,0.));
#2950=CARTESIAN_POINT('',(-0.9,-0.197329454731468,0.));
#2951=CARTESIAN_POINT('',(-0.977329454731468,-0.197329454731468,0.));
#2952=CARTESIAN_POINT('',(-0.977329454731468,-0.12,0.));
#2953=CARTESIAN_POINT('',(-2.43945488809239E-17,-0.12,0.));
#2954=CARTESIAN_POINT('',(-1.02267054526853,-0.12,0.));
#2955=CARTESIAN_POINT('',(-1.02267054526853,-0.197329454731468,0.));
#2956=CARTESIAN_POINT('',(-1.1,-0.197329454731468,0.));
#2957=CARTESIAN_POINT('',(-1.1,6.15714671457784E-16,0.));
#2958=CARTESIAN_POINT('',(-1.1,-0.5,0.));
#2959=CARTESIAN_POINT('',(-1.25,-0.5,0.));
#2960=CARTESIAN_POINT('',(-1.25,-0.5,0.));
#2961=CARTESIAN_POINT('',(-1.25,0.5,0.));
#2962=CARTESIAN_POINT('',(-1.25,0.5,0.));
#2963=CARTESIAN_POINT('',(1.25,0.5,0.));
#2964=CARTESIAN_POINT('',(-1.1,0.5,0.));
#2965=CARTESIAN_POINT('',(-1.1,-6.15714671457784E-16,0.));
#2966=CARTESIAN_POINT('',(-1.1,0.197329454731468,0.));
#2967=CARTESIAN_POINT('',(-1.02267054526853,0.197329454731468,0.));
#2968=CARTESIAN_POINT('',(-1.02267054526853,0.12,0.));
#2969=CARTESIAN_POINT('',(-2.43945488809239E-17,0.12,0.));
#2970=CARTESIAN_POINT('',(-0.977329454731468,0.12,0.));
#2971=CARTESIAN_POINT('',(-0.977329454731468,0.197329454731468,0.));
#2972=CARTESIAN_POINT('',(-0.9,0.197329454731468,0.));
#2973=CARTESIAN_POINT('',(-0.9,5.03766549374551E-16,0.));
#2974=CARTESIAN_POINT('',(-0.9,0.5,0.));
#2975=CARTESIAN_POINT('',(1.25,0.5,0.));
#2976=CARTESIAN_POINT('',(-0.600000000000001,0.5,0.));
#2977=CARTESIAN_POINT('',(-0.6,-6.15714671457784E-16,0.));
#2978=CARTESIAN_POINT('',(-0.6,0.201399426033124,0.));
#2979=CARTESIAN_POINT('',(-0.518600573966876,0.201399426033124,0.));
#2980=CARTESIAN_POINT('',(-0.518600573966876,0.12,0.));
#2981=CARTESIAN_POINT('',(0.5,0.12,0.));
#2982=CARTESIAN_POINT('',(-0.481399426033124,0.12,0.));
#2983=CARTESIAN_POINT('',(-0.481399426033124,0.201399426033124,0.));
#2984=CARTESIAN_POINT('',(-0.4,0.201399426033124,0.));
#2985=CARTESIAN_POINT('',(-0.4,5.03766549374551E-16,0.));
#2986=CARTESIAN_POINT('',(-0.4,0.5,0.));
#2987=CARTESIAN_POINT('',(1.25,0.5,0.));
#2988=CARTESIAN_POINT('',(-0.2,0.5,0.));
#2989=CARTESIAN_POINT('',(-0.2,-7.24134888706334E-16,0.));
#2990=CARTESIAN_POINT('',(2.,0.,0.13));
#2991=CARTESIAN_POINT('',(1.1,-0.12,0.13));
#2992=CARTESIAN_POINT('',(1.1,-0.5,0.13));
#2993=CARTESIAN_POINT('',(1.1,-0.507394501063412,0.13));
#2994=CARTESIAN_POINT('',(0.75,-0.5,0.13));
#2995=CARTESIAN_POINT('',(0.9,-0.5,0.13));
#2996=CARTESIAN_POINT('',(0.9,-0.507394501063412,0.13));
#2997=CARTESIAN_POINT('',(0.9,-0.507394501063412,0.13));
#2998=CARTESIAN_POINT('',(0.9,-0.507394501063412,0.13));
#2999=CARTESIAN_POINT('',(0.9,-0.507394501063412,-0.13));
#3000=CARTESIAN_POINT('',(0.9,-0.201399426033124,-0.13));
#3001=CARTESIAN_POINT('',(0.9,-0.201399426033124,-0.03));
#3002=CARTESIAN_POINT('',(0.9,-0.507394501063412,-0.03));
#3003=CARTESIAN_POINT('',(0.9,-0.507394501063412,-0.03));
#3004=CARTESIAN_POINT('',(0.9,-0.507394501063412,-0.13));
#3005=CARTESIAN_POINT('',(0.9,-0.5,0.55));
#3006=CARTESIAN_POINT('',(0.9,-0.12,-0.13));
#3007=CARTESIAN_POINT('',(0.9,-0.12,-0.03));
#3008=CARTESIAN_POINT('',(0.981399426033124,-0.12,-0.03));
#3009=CARTESIAN_POINT('',(1.01860057396688,-0.12,-0.03));
#3010=CARTESIAN_POINT('',(0.981399426033124,-0.12,-0.13));
#3011=CARTESIAN_POINT('',(1.01860057396688,-0.12,-0.13));
#3012=CARTESIAN_POINT('',(1.1,-0.12,-0.13));
#3013=CARTESIAN_POINT('',(1.1,-0.12,-0.03));
#3014=CARTESIAN_POINT('',(1.1,-0.201399426033124,-0.03));
#3015=CARTESIAN_POINT('',(1.1,-0.507394501063412,-0.03));
#3016=CARTESIAN_POINT('',(1.1,-0.201399426033124,-0.13));
#3017=CARTESIAN_POINT('',(1.1,-0.5,0.55));
#3018=CARTESIAN_POINT('',(1.1,-0.507394501063412,-0.13));
#3019=CARTESIAN_POINT('',(0.9,-0.507394501063412,-0.13));
#3020=CARTESIAN_POINT('',(0.9,-0.507394501063412,-0.03));
#3021=CARTESIAN_POINT('',(2.,0.,-0.03));
#3022=CARTESIAN_POINT('',(0.981399426033124,-0.201399426033124,-0.03));
#3023=CARTESIAN_POINT('',(1.01860057396688,-0.201399426033124,-0.03));
#3024=CARTESIAN_POINT('',(0.9,0.12,-0.13));
#3025=CARTESIAN_POINT('',(0.9,0.12,-0.13));
#3026=CARTESIAN_POINT('',(0.9,0.12,-0.03));
#3027=CARTESIAN_POINT('',(0.9,0.12,-0.03));
#3028=CARTESIAN_POINT('',(1.1,0.12,-0.03));
#3029=CARTESIAN_POINT('',(1.1,0.12,-0.13));
#3030=CARTESIAN_POINT('',(0.9,0.507394501063412,-0.13));
#3031=CARTESIAN_POINT('',(0.9,0.507394501063412,-0.03));
#3032=CARTESIAN_POINT('',(0.9,0.507394501063412,-0.03));
#3033=CARTESIAN_POINT('',(0.9,0.5,0.55));
#3034=CARTESIAN_POINT('',(0.9,0.5,0.13));
#3035=CARTESIAN_POINT('',(0.9,0.507394501063412,0.13));
#3036=CARTESIAN_POINT('',(0.9,0.507394501063412,0.13));
#3037=CARTESIAN_POINT('',(0.9,0.507394501063412,-0.13));
#3038=CARTESIAN_POINT('',(1.1,0.12,-0.13));
#3039=CARTESIAN_POINT('',(1.1,0.12,-0.03));
#3040=CARTESIAN_POINT('',(1.1,0.507394501063412,-0.03));
#3041=CARTESIAN_POINT('',(1.1,0.507394501063412,-0.13));
#3042=CARTESIAN_POINT('',(1.1,0.507394501063412,0.13));
#3043=CARTESIAN_POINT('',(1.1,0.12,0.13));
#3044=CARTESIAN_POINT('',(1.1,0.5,0.13));
#3045=CARTESIAN_POINT('',(1.1,0.5,0.55));
#3046=CARTESIAN_POINT('',(2.,0.,0.13));
#3047=CARTESIAN_POINT('',(3.25,0.5,0.13));
#3048=CARTESIAN_POINT('',(0.9,0.507394501063412,0.13));
#3049=CARTESIAN_POINT('',(0.9,0.507394501063412,-0.13));
#3050=CARTESIAN_POINT('',(0.9,0.507394501063412,-0.03));
#3051=CARTESIAN_POINT('',(2.,0.,-0.03));
#3052=CARTESIAN_POINT('',(1.5,0.,0.13));
#3053=CARTESIAN_POINT('',(0.6,-0.12,0.13));
#3054=CARTESIAN_POINT('',(0.6,-0.5,0.13));
#3055=CARTESIAN_POINT('',(0.6,-0.507394501063412,0.13));
#3056=CARTESIAN_POINT('',(0.25,-0.5,0.13));
#3057=CARTESIAN_POINT('',(0.4,-0.5,0.13));
#3058=CARTESIAN_POINT('',(0.4,-0.507394501063412,0.13));
#3059=CARTESIAN_POINT('',(0.4,-0.507394501063412,0.13));
#3060=CARTESIAN_POINT('',(0.4,-0.507394501063412,0.13));
#3061=CARTESIAN_POINT('',(0.4,-0.507394501063412,-0.13));
#3062=CARTESIAN_POINT('',(0.4,-0.201399426033124,-0.13));
#3063=CARTESIAN_POINT('',(0.4,-0.201399426033124,-0.03));
#3064=CARTESIAN_POINT('',(0.4,-0.507394501063412,-0.03));
#3065=CARTESIAN_POINT('',(0.4,-0.507394501063412,-0.03));
#3066=CARTESIAN_POINT('',(0.4,-0.507394501063412,-0.13));
#3067=CARTESIAN_POINT('',(0.4,-0.5,0.55));
#3068=CARTESIAN_POINT('',(0.4,-0.12,-0.13));
#3069=CARTESIAN_POINT('',(0.4,-0.12,-0.03));
#3070=CARTESIAN_POINT('',(0.481399426033124,-0.12,-0.03));
#3071=CARTESIAN_POINT('',(0.518600573966876,-0.12,-0.03));
#3072=CARTESIAN_POINT('',(0.481399426033124,-0.12,-0.13));
#3073=CARTESIAN_POINT('',(0.518600573966876,-0.12,-0.13));
#3074=CARTESIAN_POINT('',(0.6,-0.12,-0.13));
#3075=CARTESIAN_POINT('',(0.6,-0.12,-0.03));
#3076=CARTESIAN_POINT('',(0.6,-0.201399426033124,-0.03));
#3077=CARTESIAN_POINT('',(0.6,-0.507394501063412,-0.03));
#3078=CARTESIAN_POINT('',(0.6,-0.201399426033124,-0.13));
#3079=CARTESIAN_POINT('',(0.6,-0.5,0.55));
#3080=CARTESIAN_POINT('',(0.6,-0.507394501063412,-0.13));
#3081=CARTESIAN_POINT('',(0.4,-0.507394501063412,-0.13));
#3082=CARTESIAN_POINT('',(0.4,-0.507394501063412,-0.03));
#3083=CARTESIAN_POINT('',(1.5,0.,-0.03));
#3084=CARTESIAN_POINT('',(0.481399426033124,-0.201399426033124,-0.03));
#3085=CARTESIAN_POINT('',(0.518600573966876,-0.201399426033124,-0.03));
#3086=CARTESIAN_POINT('',(0.4,0.12,-0.13));
#3087=CARTESIAN_POINT('',(0.481399426033124,0.12,-0.13));
#3088=CARTESIAN_POINT('',(0.481399426033124,0.12,-0.03));
#3089=CARTESIAN_POINT('',(0.4,0.12,-0.03));
#3090=CARTESIAN_POINT('',(0.518600573966876,0.12,-0.03));
#3091=CARTESIAN_POINT('',(0.518600573966876,0.12,-0.13));
#3092=CARTESIAN_POINT('',(0.4,0.507394501063412,-0.13));
#3093=CARTESIAN_POINT('',(0.4,0.507394501063412,-0.03));
#3094=CARTESIAN_POINT('',(0.4,0.507394501063412,-0.03));
#3095=CARTESIAN_POINT('',(0.4,0.201399426033124,-0.03));
#3096=CARTESIAN_POINT('',(0.4,0.201399426033124,-0.13));
#3097=CARTESIAN_POINT('',(0.4,0.5,0.55));
#3098=CARTESIAN_POINT('',(0.4,0.5,0.13));
#3099=CARTESIAN_POINT('',(0.4,0.507394501063412,0.13));
#3100=CARTESIAN_POINT('',(0.4,0.507394501063412,0.13));
#3101=CARTESIAN_POINT('',(0.4,0.507394501063412,-0.13));
#3102=CARTESIAN_POINT('',(0.6,0.12,-0.13));
#3103=CARTESIAN_POINT('',(0.6,0.201399426033124,-0.13));
#3104=CARTESIAN_POINT('',(0.6,0.201399426033124,-0.03));
#3105=CARTESIAN_POINT('',(0.6,0.12,-0.03));
#3106=CARTESIAN_POINT('',(0.6,0.507394501063412,-0.03));
#3107=CARTESIAN_POINT('',(0.6,0.507394501063412,-0.13));
#3108=CARTESIAN_POINT('',(0.6,0.507394501063412,0.13));
#3109=CARTESIAN_POINT('',(0.6,0.12,0.13));
#3110=CARTESIAN_POINT('',(0.6,0.5,0.13));
#3111=CARTESIAN_POINT('',(0.6,0.5,0.55));
#3112=CARTESIAN_POINT('',(1.5,0.,0.13));
#3113=CARTESIAN_POINT('',(2.75,0.5,0.13));
#3114=CARTESIAN_POINT('',(0.4,0.507394501063412,0.13));
#3115=CARTESIAN_POINT('',(0.4,0.507394501063412,-0.13));
#3116=CARTESIAN_POINT('',(0.4,0.507394501063412,-0.03));
#3117=CARTESIAN_POINT('',(1.5,0.,-0.03));
#3118=CARTESIAN_POINT('',(0.481399426033124,0.201399426033124,-0.03));
#3119=CARTESIAN_POINT('',(0.518600573966876,0.201399426033124,-0.03));
#3120=CARTESIAN_POINT('',(1.,0.,0.13));
#3121=CARTESIAN_POINT('',(0.2,-0.12,0.13));
#3122=CARTESIAN_POINT('',(0.2,-0.5,0.13));
#3123=CARTESIAN_POINT('',(0.2,-0.507394501063412,0.13));
#3124=CARTESIAN_POINT('',(-0.25,-0.5,0.13));
#3125=CARTESIAN_POINT('',(-0.2,-0.5,0.13));
#3126=CARTESIAN_POINT('',(-0.2,-0.507394501063412,0.13));
#3127=CARTESIAN_POINT('',(-0.2,-0.507394501063412,0.13));
#3128=CARTESIAN_POINT('',(-0.1,-0.507394501063412,0.13));
#3129=CARTESIAN_POINT('',(-0.2,-0.507394501063412,-0.13));
#3130=CARTESIAN_POINT('',(-0.2,-0.5,0.55));
#3131=CARTESIAN_POINT('',(-0.2,-0.12,-0.13));
#3132=CARTESIAN_POINT('',(-0.2,-0.12,-0.03));
#3133=CARTESIAN_POINT('',(-0.2,-0.507394501063412,-0.03));
#3134=CARTESIAN_POINT('',(-0.2,-0.507394501063412,-0.03));
#3135=CARTESIAN_POINT('',(-0.2,-0.507394501063412,-0.13));
#3136=CARTESIAN_POINT('',(-0.1,-0.12,-0.13));
#3137=CARTESIAN_POINT('',(0.2,-0.12,-0.13));
#3138=CARTESIAN_POINT('',(0.2,-0.12,-0.03));
#3139=CARTESIAN_POINT('',(-0.1,-0.12,-0.03));
#3140=CARTESIAN_POINT('',(0.2,-0.12,-0.13));
#3141=CARTESIAN_POINT('',(0.2,-0.5,0.55));
#3142=CARTESIAN_POINT('',(0.2,-0.507394501063412,-0.13));
#3143=CARTESIAN_POINT('',(0.2,-0.507394501063412,-0.03));
#3144=CARTESIAN_POINT('',(0.2,-0.12,-0.03));
#3145=CARTESIAN_POINT('',(-0.1,-0.507394501063412,-0.13));
#3146=CARTESIAN_POINT('',(-0.1,-0.507394501063412,-0.03));
#3147=CARTESIAN_POINT('',(1.,0.,-0.03));
#3148=CARTESIAN_POINT('',(-0.2,0.507394501063412,-0.13));
#3149=CARTESIAN_POINT('',(-0.2,0.5,0.55));
#3150=CARTESIAN_POINT('',(-0.2,0.5,0.13));
#3151=CARTESIAN_POINT('',(-0.2,0.507394501063412,0.13));
#3152=CARTESIAN_POINT('',(-0.2,0.507394501063412,0.13));
#3153=CARTESIAN_POINT('',(-0.2,0.507394501063412,-0.13));
#3154=CARTESIAN_POINT('',(-0.2,0.507394501063412,-0.03));
#3155=CARTESIAN_POINT('',(-0.2,0.507394501063412,-0.03));
#3156=CARTESIAN_POINT('',(0.2,0.12,-0.13));
#3157=CARTESIAN_POINT('',(0.2,0.12,-0.03));
#3158=CARTESIAN_POINT('',(0.2,0.507394501063412,-0.03));
#3159=CARTESIAN_POINT('',(0.2,0.507394501063412,-0.13));
#3160=CARTESIAN_POINT('',(0.2,0.507394501063412,0.13));
#3161=CARTESIAN_POINT('',(0.2,0.12,0.13));
#3162=CARTESIAN_POINT('',(0.2,0.5,0.13));
#3163=CARTESIAN_POINT('',(0.2,0.5,0.55));
#3164=CARTESIAN_POINT('',(1.,0.,0.13));
#3165=CARTESIAN_POINT('',(2.25,0.5,0.13));
#3166=CARTESIAN_POINT('',(-0.1,0.507394501063412,0.13));
#3167=CARTESIAN_POINT('',(-0.1,0.507394501063412,-0.13));
#3168=CARTESIAN_POINT('',(-0.1,0.507394501063412,-0.03));
#3169=CARTESIAN_POINT('',(1.,0.,-0.03));
#3170=CARTESIAN_POINT('',(1.10313530829346E-16,0.12,-0.03));
#3171=CARTESIAN_POINT('',(0.5,0.,0.13));
#3172=CARTESIAN_POINT('',(-0.4,-0.12,0.13));
#3173=CARTESIAN_POINT('',(-0.4,-0.5,0.13));
#3174=CARTESIAN_POINT('',(-0.4,-0.507394501063412,0.13));
#3175=CARTESIAN_POINT('',(-0.75,-0.5,0.13));
#3176=CARTESIAN_POINT('',(-0.6,-0.5,0.13));
#3177=CARTESIAN_POINT('',(-0.6,-0.507394501063412,0.13));
#3178=CARTESIAN_POINT('',(-0.6,-0.507394501063412,0.13));
#3179=CARTESIAN_POINT('',(-0.6,-0.507394501063412,0.13));
#3180=CARTESIAN_POINT('',(-0.6,-0.507394501063412,-0.13));
#3181=CARTESIAN_POINT('',(-0.6,-0.201399426033124,-0.13));
#3182=CARTESIAN_POINT('',(-0.6,-0.201399426033124,-0.03));
#3183=CARTESIAN_POINT('',(-0.6,-0.507394501063412,-0.03));
#3184=CARTESIAN_POINT('',(-0.6,-0.507394501063412,-0.03));
#3185=CARTESIAN_POINT('',(-0.6,-0.507394501063412,-0.13));
#3186=CARTESIAN_POINT('',(-0.6,-0.5,0.55));
#3187=CARTESIAN_POINT('',(-0.6,-0.12,-0.13));
#3188=CARTESIAN_POINT('',(-0.481399426033124,-0.12,-0.13));
#3189=CARTESIAN_POINT('',(-0.481399426033124,-0.12,-0.03));
#3190=CARTESIAN_POINT('',(-0.6,-0.12,-0.03));
#3191=CARTESIAN_POINT('',(-0.518600573966876,-0.12,-0.03));
#3192=CARTESIAN_POINT('',(-0.518600573966876,-0.12,-0.13));
#3193=CARTESIAN_POINT('',(-0.4,-0.12,-0.13));
#3194=CARTESIAN_POINT('',(-0.4,-0.12,-0.03));
#3195=CARTESIAN_POINT('',(-0.4,-0.201399426033124,-0.03));
#3196=CARTESIAN_POINT('',(-0.4,-0.507394501063412,-0.03));
#3197=CARTESIAN_POINT('',(-0.4,-0.201399426033124,-0.13));
#3198=CARTESIAN_POINT('',(-0.4,-0.5,0.55));
#3199=CARTESIAN_POINT('',(-0.4,-0.507394501063412,-0.13));
#3200=CARTESIAN_POINT('',(-0.6,-0.507394501063412,-0.13));
#3201=CARTESIAN_POINT('',(-0.6,-0.507394501063412,-0.03));
#3202=CARTESIAN_POINT('',(0.5,0.,-0.03));
#3203=CARTESIAN_POINT('',(-0.481399426033124,-0.201399426033124,-0.03));
#3204=CARTESIAN_POINT('',(-0.518600573966876,-0.201399426033124,-0.03));
#3205=CARTESIAN_POINT('',(-0.6,0.12,-0.13));
#3206=CARTESIAN_POINT('',(-0.6,0.12,-0.03));
#3207=CARTESIAN_POINT('',(-0.518600573966876,0.12,-0.03));
#3208=CARTESIAN_POINT('',(-0.481399426033124,0.12,-0.03));
#3209=CARTESIAN_POINT('',(-0.481399426033124,0.12,-0.13));
#3210=CARTESIAN_POINT('',(-0.518600573966876,0.12,-0.13));
#3211=CARTESIAN_POINT('',(-0.6,0.507394501063412,-0.13));
#3212=CARTESIAN_POINT('',(-0.6,0.507394501063412,-0.03));
#3213=CARTESIAN_POINT('',(-0.6,0.507394501063412,-0.03));
#3214=CARTESIAN_POINT('',(-0.6,0.201399426033124,-0.03));
#3215=CARTESIAN_POINT('',(-0.6,0.201399426033124,-0.13));
#3216=CARTESIAN_POINT('',(-0.600000000000001,0.5,0.55));
#3217=CARTESIAN_POINT('',(-0.6,0.5,0.13));
#3218=CARTESIAN_POINT('',(-0.6,0.507394501063412,0.13));
#3219=CARTESIAN_POINT('',(-0.6,0.507394501063412,0.13));
#3220=CARTESIAN_POINT('',(-0.6,0.507394501063412,-0.13));
#3221=CARTESIAN_POINT('',(-0.4,0.12,-0.13));
#3222=CARTESIAN_POINT('',(-0.4,0.201399426033124,-0.13));
#3223=CARTESIAN_POINT('',(-0.4,0.201399426033124,-0.03));
#3224=CARTESIAN_POINT('',(-0.4,0.12,-0.03));
#3225=CARTESIAN_POINT('',(-0.4,0.507394501063412,-0.03));
#3226=CARTESIAN_POINT('',(-0.4,0.507394501063412,-0.13));
#3227=CARTESIAN_POINT('',(-0.4,0.507394501063412,0.13));
#3228=CARTESIAN_POINT('',(-0.4,0.12,0.13));
#3229=CARTESIAN_POINT('',(-0.4,0.5,0.13));
#3230=CARTESIAN_POINT('',(-0.4,0.5,0.55));
#3231=CARTESIAN_POINT('',(0.5,0.,0.13));
#3232=CARTESIAN_POINT('',(1.75,0.5,0.13));
#3233=CARTESIAN_POINT('',(-0.6,0.507394501063412,0.13));
#3234=CARTESIAN_POINT('',(-0.6,0.507394501063412,-0.13));
#3235=CARTESIAN_POINT('',(-0.6,0.507394501063412,-0.03));
#3236=CARTESIAN_POINT('',(0.5,0.,-0.03));
#3237=CARTESIAN_POINT('',(-0.481399426033124,0.201399426033124,-0.03));
#3238=CARTESIAN_POINT('',(-0.518600573966876,0.201399426033124,-0.03));
#3239=CARTESIAN_POINT('',(-1.25,-0.5,0.55));
#3240=CARTESIAN_POINT('',(1.25,-0.5,0.55));
#3241=CARTESIAN_POINT('',(1.25,-0.5,0.55));
#3242=CARTESIAN_POINT('',(-1.25,-0.5,0.55));
#3243=CARTESIAN_POINT('',(-1.25,-0.5,0.55));
#3244=CARTESIAN_POINT('',(-1.25,-0.5,0.55));
#3245=CARTESIAN_POINT('',(-1.1,-0.5,0.55));
#3246=CARTESIAN_POINT('',(-1.1,-0.5,0.13));
#3247=CARTESIAN_POINT('',(-1.25,-0.5,0.13));
#3248=CARTESIAN_POINT('',(-0.9,-0.5,0.13));
#3249=CARTESIAN_POINT('',(-0.9,-0.5,0.55));
#3250=CARTESIAN_POINT('',(1.25,-0.5,0.55));
#3251=CARTESIAN_POINT('',(1.25,0.5,0.55));
#3252=CARTESIAN_POINT('',(1.25,0.5,0.55));
#3253=CARTESIAN_POINT('',(1.25,-0.5,0.55));
#3254=CARTESIAN_POINT('',(1.25,0.5,0.55));
#3255=CARTESIAN_POINT('',(-0.9,0.5,0.55));
#3256=CARTESIAN_POINT('',(-0.9,0.5,0.13));
#3257=CARTESIAN_POINT('',(1.25,0.5,0.13));
#3258=CARTESIAN_POINT('',(-1.1,0.5,0.13));
#3259=CARTESIAN_POINT('',(-1.1,0.5,0.55));
#3260=CARTESIAN_POINT('',(-1.25,0.5,0.55));
#3261=CARTESIAN_POINT('',(-1.25,0.5,0.55));
#3262=CARTESIAN_POINT('',(1.25,0.5,0.55));
#3263=CARTESIAN_POINT('',(-1.25,0.5,0.55));
#3264=CARTESIAN_POINT('',(-1.25,0.5,0.55));
#3265=CARTESIAN_POINT('',(0.,0.,0.55));
#3266=CARTESIAN_POINT('',(0.963083838498438,0.213071928219088,0.55));
#3267=CARTESIAN_POINT('',(0.87891026284823,0.213071928219088,0.55));
#3268=CARTESIAN_POINT('',(0.,0.,0.13));
#3269=CARTESIAN_POINT('',(-0.9,-0.12,0.13));
#3270=CARTESIAN_POINT('',(-0.9,-0.507394501063412,0.13));
#3271=CARTESIAN_POINT('',(-1.1,-0.507394501063412,0.13));
#3272=CARTESIAN_POINT('',(-1.1,-0.507394501063412,0.13));
#3273=CARTESIAN_POINT('',(-1.1,-0.507394501063412,0.13));
#3274=CARTESIAN_POINT('',(-1.1,-0.507394501063412,-0.13));
#3275=CARTESIAN_POINT('',(-1.1,-0.197329454731468,-0.13));
#3276=CARTESIAN_POINT('',(-1.1,-0.197329454731468,-0.03));
#3277=CARTESIAN_POINT('',(-1.1,-0.507394501063412,-0.03));
#3278=CARTESIAN_POINT('',(-1.1,-0.507394501063412,-0.03));
#3279=CARTESIAN_POINT('',(-1.1,-0.507394501063412,-0.13));
#3280=CARTESIAN_POINT('',(-1.1,-0.12,-0.13));
#3281=CARTESIAN_POINT('',(-1.1,-0.12,-0.03));
#3282=CARTESIAN_POINT('',(-1.02267054526853,-0.12,-0.03));
#3283=CARTESIAN_POINT('',(-0.977329454731468,-0.12,-0.03));
#3284=CARTESIAN_POINT('',(-1.02267054526853,-0.12,-0.13));
#3285=CARTESIAN_POINT('',(-0.977329454731468,-0.12,-0.13));
#3286=CARTESIAN_POINT('',(-0.9,-0.12,-0.13));
#3287=CARTESIAN_POINT('',(-0.9,-0.12,-0.03));
#3288=CARTESIAN_POINT('',(-0.9,-0.197329454731468,-0.03));
#3289=CARTESIAN_POINT('',(-0.9,-0.507394501063412,-0.03));
#3290=CARTESIAN_POINT('',(-0.9,-0.197329454731468,-0.13));
#3291=CARTESIAN_POINT('',(-0.9,-0.507394501063412,-0.13));
#3292=CARTESIAN_POINT('',(-1.1,-0.507394501063412,-0.13));
#3293=CARTESIAN_POINT('',(-1.1,-0.507394501063412,-0.03));
#3294=CARTESIAN_POINT('',(0.,0.,-0.03));
#3295=CARTESIAN_POINT('',(-1.02267054526853,-0.197329454731468,-0.03));
#3296=CARTESIAN_POINT('',(-0.977329454731468,-0.197329454731468,-0.03));
#3297=CARTESIAN_POINT('',(-1.1,0.12,-0.13));
#3298=CARTESIAN_POINT('',(-1.1,0.12,-0.03));
#3299=CARTESIAN_POINT('',(-1.02267054526853,0.12,-0.03));
#3300=CARTESIAN_POINT('',(-0.977329454731468,0.12,-0.03));
#3301=CARTESIAN_POINT('',(-0.977329454731468,0.12,-0.13));
#3302=CARTESIAN_POINT('',(-1.02267054526853,0.12,-0.13));
#3303=CARTESIAN_POINT('',(-1.1,0.507394501063412,-0.13));
#3304=CARTESIAN_POINT('',(-1.1,0.507394501063412,-0.03));
#3305=CARTESIAN_POINT('',(-1.1,0.507394501063412,-0.03));
#3306=CARTESIAN_POINT('',(-1.1,0.197329454731468,-0.03));
#3307=CARTESIAN_POINT('',(-1.1,0.197329454731468,-0.13));
#3308=CARTESIAN_POINT('',(-1.1,0.507394501063412,0.13));
#3309=CARTESIAN_POINT('',(-1.1,0.507394501063412,0.13));
#3310=CARTESIAN_POINT('',(-1.1,0.507394501063412,-0.13));
#3311=CARTESIAN_POINT('',(-0.9,0.12,-0.13));
#3312=CARTESIAN_POINT('',(-0.9,0.197329454731468,-0.13));
#3313=CARTESIAN_POINT('',(-0.9,0.197329454731468,-0.03));
#3314=CARTESIAN_POINT('',(-0.9,0.12,-0.03));
#3315=CARTESIAN_POINT('',(-0.9,0.507394501063412,-0.03));
#3316=CARTESIAN_POINT('',(-0.9,0.507394501063412,-0.13));
#3317=CARTESIAN_POINT('',(-0.9,0.507394501063412,0.13));
#3318=CARTESIAN_POINT('',(-0.9,0.12,0.13));
#3319=CARTESIAN_POINT('',(0.,0.,0.13));
#3320=CARTESIAN_POINT('',(-1.1,0.507394501063412,0.13));
#3321=CARTESIAN_POINT('',(-1.1,0.507394501063412,-0.13));
#3322=CARTESIAN_POINT('',(-1.1,0.507394501063412,-0.03));
#3323=CARTESIAN_POINT('',(0.,0.,-0.03));
#3324=CARTESIAN_POINT('',(-0.977329454731468,0.197329454731468,-0.03));
#3325=CARTESIAN_POINT('',(-1.02267054526853,0.197329454731468,-0.03));
#3326=CARTESIAN_POINT('',(-0.518600573966876,-0.201399426033124,-0.13));
#3327=CARTESIAN_POINT('',(-0.518600573966876,0.201399426033124,-0.13));
#3328=CARTESIAN_POINT('',(-0.481399426033124,0.201399426033124,-0.13));
#3329=CARTESIAN_POINT('',(0.518600573966876,0.201399426033124,-0.13));
#3330=CARTESIAN_POINT('',(0.481399426033124,0.201399426033124,-0.13));
#3331=CARTESIAN_POINT('',(1.01860057396688,-0.201399426033124,-0.13));
#3332=CARTESIAN_POINT('',(0.981399426033124,-0.201399426033124,-0.13));
#3333=CARTESIAN_POINT('',(0.518600573966876,-0.201399426033124,-0.13));
#3334=CARTESIAN_POINT('',(0.481399426033124,-0.201399426033124,-0.13));
#3335=CARTESIAN_POINT('',(-0.481399426033124,-0.201399426033124,-0.13));
#3336=CARTESIAN_POINT('',(-0.977329454731468,-0.197329454731468,-0.13));
#3337=CARTESIAN_POINT('',(-1.02267054526853,-0.197329454731468,-0.13));
#3338=CARTESIAN_POINT('',(-1.02267054526853,0.197329454731468,-0.13));
#3339=CARTESIAN_POINT('',(-0.977329454731468,0.197329454731468,-0.13));
#3340=CARTESIAN_POINT('',(1.10313530829346E-16,0.12,0.));
#3341=CARTESIAN_POINT('',(0.963083838498438,0.213071928219088,0.525459915333901));
#3342=CARTESIAN_POINT('',(0.963083838498438,0.213071928219088,0.525459915333901));
#3343=CARTESIAN_POINT('',(0.87891026284823,0.213071928219088,0.525459915333901));
#3344=CARTESIAN_POINT('',(0.963083838498438,0.213071928219088,0.525459915333901));
#3345=MECHANICAL_DESIGN_GEOMETRIC_PRESENTATION_REPRESENTATION('',(#1616,
#1617,#1618,#1619,#1620,#1621,#1622,#1623,#1624,#1625,#1626,#1627,#1628,
#1629,#1630,#1631,#1632,#1633,#1634,#1635,#1636,#1637,#1638,#1639,#1640,
#1641,#1642,#1643,#1644,#1645,#1646,#1647,#1648,#1649,#1650,#1651,#1652,
#1653,#1654,#1655,#1656,#1657,#1658,#1659,#1660,#1661,#1662,#1663,#1664,
#1665,#1666,#1667,#1668,#1669,#1670,#1671,#1672,#1673,#1674,#1675,#1676,
#1677,#1678,#1679,#1680,#1681,#1682,#1683,#1684,#1685,#1686,#1687,#1688,
#1689,#1690,#1691,#1692,#1693,#1694,#1695,#1696,#1697,#1698,#1699),#3346);
#3346=(
GEOMETRIC_REPRESENTATION_CONTEXT(3)
GLOBAL_UNCERTAINTY_ASSIGNED_CONTEXT((#3347))
GLOBAL_UNIT_ASSIGNED_CONTEXT((#3350,#3349,#3348))
REPRESENTATION_CONTEXT('SLP2510P8','TOP_LEVEL_ASSEMBLY_PART')
);
#3347=UNCERTAINTY_MEASURE_WITH_UNIT(LENGTH_MEASURE(0.005),#3350,
'DISTANCE_ACCURACY_VALUE','Maximum Tolerance applied to model');
#3348=(
NAMED_UNIT(*)
SI_UNIT($,.STERADIAN.)
SOLID_ANGLE_UNIT()
);
#3349=(
NAMED_UNIT(*)
PLANE_ANGLE_UNIT()
SI_UNIT($,.RADIAN.)
);
#3350=(
LENGTH_UNIT()
NAMED_UNIT(*)
SI_UNIT(.MILLI.,.METRE.)
);
#3351=PRODUCT_DEFINITION_SHAPE('','',#3352);
#3352=PRODUCT_DEFINITION('','',#3354,#3353);
#3353=PRODUCT_DEFINITION_CONTEXT('',#3360,'design');
#3354=PRODUCT_DEFINITION_FORMATION_WITH_SPECIFIED_SOURCE('','',#3356,
 .NOT_KNOWN.);
#3355=PRODUCT_RELATED_PRODUCT_CATEGORY('','',(#3356));
#3356=PRODUCT('SLP2510P8','SLP2510P8','SLP2510P8',(#3358));
#3357=PRODUCT_CATEGORY('','');
#3358=PRODUCT_CONTEXT('',#3360,'mechanical');
#3359=APPLICATION_PROTOCOL_DEFINITION('international standard',
'automotive_design',2010,#3360);
#3360=APPLICATION_CONTEXT(
'core data for automotive mechanical design processes');
ENDSEC;
END-ISO-10303-21;
